-- phpMyAdmin SQL Dump
-- version 5.2.1
-- https://www.phpmyadmin.net/
--
-- Host: 127.0.0.1:3308
-- Generation Time: Jan 23, 2026 at 05:24 PM
-- Server version: 10.4.32-MariaDB
-- PHP Version: 8.2.12

SET SQL_MODE = "NO_AUTO_VALUE_ON_ZERO";
START TRANSACTION;
SET time_zone = "+00:00";


/*!40101 SET @OLD_CHARACTER_SET_CLIENT=@@CHARACTER_SET_CLIENT */;
/*!40101 SET @OLD_CHARACTER_SET_RESULTS=@@CHARACTER_SET_RESULTS */;
/*!40101 SET @OLD_COLLATION_CONNECTION=@@COLLATION_CONNECTION */;
/*!40101 SET NAMES utf8mb4 */;

--
-- Database: `attendancemsystem`
--

-- --------------------------------------------------------

--
-- Table structure for table `faculty_student_reference`
--

CREATE TABLE `faculty_student_reference` (
  `id` int(11) NOT NULL,
  `student_id` int(11) NOT NULL,
  `teacher_id` int(11) NOT NULL,
  `subject_id` int(11) NOT NULL
) ENGINE=InnoDB DEFAULT CHARSET=utf8mb4 COLLATE=utf8mb4_general_ci;

-- --------------------------------------------------------

--
-- Table structure for table `student_requests`
--

CREATE TABLE `student_requests` (
  `request_id` int(11) NOT NULL,
  `firstName` varchar(100) DEFAULT NULL,
  `lastName` varchar(100) DEFAULT NULL,
  `admissionNumber` varchar(255) DEFAULT NULL,
  `email` varchar(150) DEFAULT NULL,
  `phone` varchar(15) DEFAULT NULL,
  `password` varchar(255) DEFAULT NULL,
  `classId` varchar(10) DEFAULT NULL,
  `classArmId` varchar(10) DEFAULT NULL,
  `dateCreated` varchar(50) DEFAULT NULL,
  `status` enum('Pending','Approved','Rejected') DEFAULT 'Pending',
  `requested_at` timestamp NOT NULL DEFAULT current_timestamp()
) ENGINE=InnoDB DEFAULT CHARSET=utf8mb4 COLLATE=utf8mb4_general_ci;

-- --------------------------------------------------------

--
-- Table structure for table `tbladmin`
--

CREATE TABLE `tbladmin` (
  `Id` int(11) NOT NULL,
  `firstName` varchar(50) NOT NULL,
  `lastName` varchar(50) NOT NULL,
  `email` varchar(100) NOT NULL,
  `password` varchar(255) DEFAULT NULL,
  `role` varchar(20) NOT NULL DEFAULT 'admin'
) ENGINE=InnoDB DEFAULT CHARSET=utf8mb4 COLLATE=utf8mb4_general_ci;

--
-- Dumping data for table `tbladmin`
--

INSERT INTO `tbladmin` (`Id`, `firstName`, `lastName`, `email`, `password`, `role`) VALUES
(101, 'Bhasakara', 'Rao', 'admin@mail.com', 'Chinnu', 'HOD');

-- --------------------------------------------------------

--
-- Table structure for table `tblattendance_btech`
--

CREATE TABLE `tblattendance_btech` (
  `Id` int(11) NOT NULL,
  `studentId` int(11) DEFAULT NULL,
  `subjectId` int(11) DEFAULT NULL,
  `teacherId` int(11) DEFAULT NULL,
  `period` int(11) DEFAULT NULL,
  `date` date DEFAULT NULL,
  `status` tinyint(1) DEFAULT NULL
) ENGINE=InnoDB DEFAULT CHARSET=utf8mb4 COLLATE=utf8mb4_general_ci;

--
-- Dumping data for table `tblattendance_btech`
--

INSERT INTO `tblattendance_btech` (`Id`, `studentId`, `subjectId`, `teacherId`, `period`, `date`, `status`) VALUES
(111, 538, 29, 71, 1, '2026-01-10', 1),
(112, 541, 29, 71, 1, '2026-01-10', 1),
(113, 486, 29, 71, 1, '2026-01-10', 1),
(114, 528, 29, 71, 1, '2026-01-10', 1),
(115, 518, 29, 71, 1, '2026-01-10', 0),
(116, 544, 29, 71, 1, '2026-01-10', 0),
(117, 593, 29, 71, 1, '2026-01-10', 0),
(118, 614, 29, 71, 1, '2026-01-10', 0),
(119, 674, 29, 71, 1, '2026-01-10', 1),
(120, 677, 29, 71, 1, '2026-01-10', 1),
(121, 664, 29, 71, 1, '2026-01-10', 1),
(122, 688, 29, 71, 1, '2026-01-10', 1),
(123, 585, 29, 71, 1, '2026-01-10', 1),
(124, 489, 29, 71, 1, '2026-01-10', 1),
(125, 479, 29, 71, 1, '2026-01-10', 1),
(126, 598, 29, 71, 1, '2026-01-10', 1),
(127, 482, 29, 71, 1, '2026-01-10', 1),
(128, 566, 29, 71, 1, '2026-01-10', 1),
(129, 637, 29, 71, 1, '2026-01-10', 1),
(130, 513, 29, 71, 1, '2026-01-10', 1),
(131, 663, 29, 71, 1, '2026-01-10', 1),
(132, 590, 29, 71, 1, '2026-01-10', 1),
(133, 625, 29, 71, 1, '2026-01-10', 1),
(134, 546, 29, 71, 1, '2026-01-10', 1),
(135, 501, 29, 71, 1, '2026-01-10', 1),
(136, 631, 29, 71, 1, '2026-01-10', 1),
(137, 583, 29, 71, 1, '2026-01-10', 1),
(138, 496, 29, 71, 1, '2026-01-10', 1),
(139, 627, 29, 71, 1, '2026-01-10', 1),
(140, 515, 29, 71, 1, '2026-01-10', 1),
(141, 660, 29, 71, 1, '2026-01-10', 1),
(142, 654, 29, 71, 1, '2026-01-10', 1),
(143, 632, 29, 71, 1, '2026-01-10', 1),
(144, 493, 29, 71, 1, '2026-01-10', 1),
(145, 506, 29, 71, 1, '2026-01-10', 1),
(146, 521, 29, 71, 1, '2026-01-10', 1),
(147, 638, 29, 71, 1, '2026-01-10', 1),
(148, 488, 29, 71, 1, '2026-01-10', 1),
(149, 630, 29, 71, 1, '2026-01-10', 1),
(150, 551, 29, 71, 1, '2026-01-10', 1),
(151, 504, 29, 71, 1, '2026-01-10', 1),
(152, 516, 29, 71, 1, '2026-01-10', 1),
(153, 509, 29, 71, 1, '2026-01-10', 1),
(154, 644, 29, 71, 1, '2026-01-10', 1),
(155, 604, 29, 71, 1, '2026-01-10', 1),
(156, 635, 29, 71, 1, '2026-01-10', 1),
(157, 582, 29, 71, 1, '2026-01-10', 1),
(158, 581, 29, 71, 1, '2026-01-10', 1),
(159, 545, 29, 71, 1, '2026-01-10', 1),
(160, 559, 29, 71, 1, '2026-01-10', 1),
(161, 540, 29, 71, 1, '2026-01-10', 1),
(162, 522, 29, 71, 1, '2026-01-10', 1),
(163, 492, 29, 71, 1, '2026-01-10', 1),
(164, 537, 29, 71, 1, '2026-01-10', 1),
(165, 554, 29, 71, 1, '2026-01-10', 1),
(166, 669, 29, 71, 1, '2026-01-10', 1),
(167, 574, 29, 71, 1, '2026-01-10', 1),
(168, 527, 29, 71, 1, '2026-01-10', 1),
(169, 649, 29, 71, 1, '2026-01-10', 1),
(170, 652, 29, 71, 1, '2026-01-10', 1),
(171, 564, 29, 71, 1, '2026-01-10', 1),
(172, 592, 29, 71, 1, '2026-01-10', 1),
(173, 658, 29, 71, 1, '2026-01-10', 1),
(174, 495, 29, 71, 1, '2026-01-10', 1),
(175, 607, 29, 71, 1, '2026-01-10', 1),
(176, 682, 29, 71, 1, '2026-01-10', 1),
(177, 639, 29, 71, 1, '2026-01-10', 1),
(178, 599, 29, 71, 1, '2026-01-10', 1),
(179, 659, 29, 71, 1, '2026-01-10', 1),
(180, 670, 29, 71, 1, '2026-01-10', 1),
(181, 538, 29, 71, 2, '2026-01-10', 1),
(182, 541, 29, 71, 2, '2026-01-10', 1),
(183, 486, 29, 71, 2, '2026-01-10', 1),
(184, 528, 29, 71, 2, '2026-01-10', 1),
(185, 518, 29, 71, 2, '2026-01-10', 0),
(186, 544, 29, 71, 2, '2026-01-10', 0),
(187, 593, 29, 71, 2, '2026-01-10', 0),
(188, 614, 29, 71, 2, '2026-01-10', 0),
(189, 674, 29, 71, 2, '2026-01-10', 1),
(190, 677, 29, 71, 2, '2026-01-10', 1),
(191, 664, 29, 71, 2, '2026-01-10', 1),
(192, 688, 29, 71, 2, '2026-01-10', 1),
(193, 585, 29, 71, 2, '2026-01-10', 1),
(194, 489, 29, 71, 2, '2026-01-10', 1),
(195, 479, 29, 71, 2, '2026-01-10', 1),
(196, 598, 29, 71, 2, '2026-01-10', 1),
(197, 482, 29, 71, 2, '2026-01-10', 1),
(198, 566, 29, 71, 2, '2026-01-10', 1),
(199, 637, 29, 71, 2, '2026-01-10', 1),
(200, 513, 29, 71, 2, '2026-01-10', 1),
(201, 663, 29, 71, 2, '2026-01-10', 1),
(202, 590, 29, 71, 2, '2026-01-10', 1),
(203, 625, 29, 71, 2, '2026-01-10', 1),
(204, 546, 29, 71, 2, '2026-01-10', 1),
(205, 501, 29, 71, 2, '2026-01-10', 1),
(206, 631, 29, 71, 2, '2026-01-10', 1),
(207, 583, 29, 71, 2, '2026-01-10', 1),
(208, 496, 29, 71, 2, '2026-01-10', 1),
(209, 627, 29, 71, 2, '2026-01-10', 1),
(210, 515, 29, 71, 2, '2026-01-10', 1),
(211, 660, 29, 71, 2, '2026-01-10', 1),
(212, 654, 29, 71, 2, '2026-01-10', 1),
(213, 632, 29, 71, 2, '2026-01-10', 1),
(214, 493, 29, 71, 2, '2026-01-10', 1),
(215, 506, 29, 71, 2, '2026-01-10', 1),
(216, 521, 29, 71, 2, '2026-01-10', 1),
(217, 638, 29, 71, 2, '2026-01-10', 1),
(218, 488, 29, 71, 2, '2026-01-10', 1),
(219, 630, 29, 71, 2, '2026-01-10', 1),
(220, 551, 29, 71, 2, '2026-01-10', 1),
(221, 504, 29, 71, 2, '2026-01-10', 1),
(222, 516, 29, 71, 2, '2026-01-10', 1),
(223, 509, 29, 71, 2, '2026-01-10', 1),
(224, 644, 29, 71, 2, '2026-01-10', 1),
(225, 604, 29, 71, 2, '2026-01-10', 1),
(226, 635, 29, 71, 2, '2026-01-10', 1),
(227, 582, 29, 71, 2, '2026-01-10', 1),
(228, 581, 29, 71, 2, '2026-01-10', 1),
(229, 545, 29, 71, 2, '2026-01-10', 1),
(230, 559, 29, 71, 2, '2026-01-10', 1),
(231, 540, 29, 71, 2, '2026-01-10', 1),
(232, 522, 29, 71, 2, '2026-01-10', 1),
(233, 492, 29, 71, 2, '2026-01-10', 1),
(234, 537, 29, 71, 2, '2026-01-10', 1),
(235, 554, 29, 71, 2, '2026-01-10', 1),
(236, 669, 29, 71, 2, '2026-01-10', 1),
(237, 574, 29, 71, 2, '2026-01-10', 1),
(238, 527, 29, 71, 2, '2026-01-10', 1),
(239, 649, 29, 71, 2, '2026-01-10', 1),
(240, 652, 29, 71, 2, '2026-01-10', 1),
(241, 564, 29, 71, 2, '2026-01-10', 1),
(242, 592, 29, 71, 2, '2026-01-10', 1),
(243, 658, 29, 71, 2, '2026-01-10', 1),
(244, 495, 29, 71, 2, '2026-01-10', 1),
(245, 607, 29, 71, 2, '2026-01-10', 1),
(246, 682, 29, 71, 2, '2026-01-10', 1),
(247, 639, 29, 71, 2, '2026-01-10', 1),
(248, 599, 29, 71, 2, '2026-01-10', 1),
(249, 659, 29, 71, 2, '2026-01-10', 1),
(250, 670, 29, 71, 2, '2026-01-10', 1),
(251, 480, 32, 76, 2, '2026-01-19', 1),
(252, 487, 32, 76, 2, '2026-01-19', 1),
(253, 491, 32, 76, 2, '2026-01-19', 1),
(254, 498, 32, 76, 2, '2026-01-19', 1),
(255, 499, 32, 76, 2, '2026-01-19', 1),
(256, 500, 32, 76, 2, '2026-01-19', 1),
(257, 506, 32, 76, 2, '2026-01-19', 1),
(258, 508, 32, 76, 2, '2026-01-19', 1),
(259, 510, 32, 76, 2, '2026-01-19', 1),
(260, 511, 32, 76, 2, '2026-01-19', 1),
(261, 514, 32, 76, 2, '2026-01-19', 1),
(262, 529, 32, 76, 2, '2026-01-19', 1),
(263, 531, 32, 76, 2, '2026-01-19', 1),
(264, 535, 32, 76, 2, '2026-01-19', 1),
(265, 536, 32, 76, 2, '2026-01-19', 1),
(266, 541, 32, 76, 2, '2026-01-19', 1),
(267, 543, 32, 76, 2, '2026-01-19', 1),
(268, 544, 32, 76, 2, '2026-01-19', 1),
(269, 550, 32, 76, 2, '2026-01-19', 1),
(270, 556, 32, 76, 2, '2026-01-19', 1),
(271, 558, 32, 76, 2, '2026-01-19', 0),
(272, 562, 32, 76, 2, '2026-01-19', 0),
(273, 567, 32, 76, 2, '2026-01-19', 0),
(274, 568, 32, 76, 2, '2026-01-19', 0),
(275, 569, 32, 76, 2, '2026-01-19', 0),
(276, 571, 32, 76, 2, '2026-01-19', 0),
(277, 572, 32, 76, 2, '2026-01-19', 0),
(278, 576, 32, 76, 2, '2026-01-19', 0),
(279, 578, 32, 76, 2, '2026-01-19', 0),
(280, 581, 32, 76, 2, '2026-01-19', 1),
(281, 585, 32, 76, 2, '2026-01-19', 1),
(282, 586, 32, 76, 2, '2026-01-19', 1),
(283, 587, 32, 76, 2, '2026-01-19', 1),
(284, 589, 32, 76, 2, '2026-01-19', 1),
(285, 592, 32, 76, 2, '2026-01-19', 1),
(286, 593, 32, 76, 2, '2026-01-19', 1),
(287, 598, 32, 76, 2, '2026-01-19', 1),
(288, 607, 32, 76, 2, '2026-01-19', 1),
(289, 608, 32, 76, 2, '2026-01-19', 1),
(290, 609, 32, 76, 2, '2026-01-19', 1),
(291, 612, 32, 76, 2, '2026-01-19', 1),
(292, 615, 32, 76, 2, '2026-01-19', 1),
(293, 617, 32, 76, 2, '2026-01-19', 1),
(294, 620, 32, 76, 2, '2026-01-19', 1),
(295, 621, 32, 76, 2, '2026-01-19', 1),
(296, 622, 32, 76, 2, '2026-01-19', 1),
(297, 633, 32, 76, 2, '2026-01-19', 1),
(298, 634, 32, 76, 2, '2026-01-19', 1),
(299, 638, 32, 76, 2, '2026-01-19', 1),
(300, 642, 32, 76, 2, '2026-01-19', 1),
(301, 644, 32, 76, 2, '2026-01-19', 1),
(302, 648, 32, 76, 2, '2026-01-19', 1),
(303, 649, 32, 76, 2, '2026-01-19', 1),
(304, 650, 32, 76, 2, '2026-01-19', 1),
(305, 653, 32, 76, 2, '2026-01-19', 1),
(306, 656, 32, 76, 2, '2026-01-19', 1),
(307, 657, 32, 76, 2, '2026-01-19', 1),
(308, 660, 32, 76, 2, '2026-01-19', 1),
(309, 662, 32, 76, 2, '2026-01-19', 1),
(310, 667, 32, 76, 2, '2026-01-19', 1),
(311, 668, 32, 76, 2, '2026-01-19', 1),
(312, 671, 32, 76, 2, '2026-01-19', 0),
(313, 673, 32, 76, 2, '2026-01-19', 0),
(314, 676, 32, 76, 2, '2026-01-19', 0),
(315, 680, 32, 76, 2, '2026-01-19', 0),
(316, 682, 32, 76, 2, '2026-01-19', 0),
(317, 683, 32, 76, 2, '2026-01-19', 0),
(318, 685, 32, 76, 2, '2026-01-19', 0),
(319, 686, 32, 76, 2, '2026-01-19', 0),
(320, 687, 32, 76, 2, '2026-01-19', 0),
(321, 480, 32, 76, 3, '2026-01-19', 1),
(322, 487, 32, 76, 3, '2026-01-19', 1),
(323, 491, 32, 76, 3, '2026-01-19', 1),
(324, 498, 32, 76, 3, '2026-01-19', 1),
(325, 499, 32, 76, 3, '2026-01-19', 1),
(326, 500, 32, 76, 3, '2026-01-19', 1),
(327, 506, 32, 76, 3, '2026-01-19', 1),
(328, 508, 32, 76, 3, '2026-01-19', 1),
(329, 510, 32, 76, 3, '2026-01-19', 1),
(330, 511, 32, 76, 3, '2026-01-19', 1),
(331, 514, 32, 76, 3, '2026-01-19', 1),
(332, 529, 32, 76, 3, '2026-01-19', 1),
(333, 531, 32, 76, 3, '2026-01-19', 1),
(334, 535, 32, 76, 3, '2026-01-19', 1),
(335, 536, 32, 76, 3, '2026-01-19', 1),
(336, 541, 32, 76, 3, '2026-01-19', 1),
(337, 543, 32, 76, 3, '2026-01-19', 1),
(338, 544, 32, 76, 3, '2026-01-19', 1),
(339, 550, 32, 76, 3, '2026-01-19', 1),
(340, 556, 32, 76, 3, '2026-01-19', 1),
(341, 558, 32, 76, 3, '2026-01-19', 0),
(342, 562, 32, 76, 3, '2026-01-19', 0),
(343, 567, 32, 76, 3, '2026-01-19', 0),
(344, 568, 32, 76, 3, '2026-01-19', 0),
(345, 569, 32, 76, 3, '2026-01-19', 0),
(346, 571, 32, 76, 3, '2026-01-19', 0),
(347, 572, 32, 76, 3, '2026-01-19', 0),
(348, 576, 32, 76, 3, '2026-01-19', 0),
(349, 578, 32, 76, 3, '2026-01-19', 0),
(350, 581, 32, 76, 3, '2026-01-19', 1),
(351, 585, 32, 76, 3, '2026-01-19', 1),
(352, 586, 32, 76, 3, '2026-01-19', 1),
(353, 587, 32, 76, 3, '2026-01-19', 1),
(354, 589, 32, 76, 3, '2026-01-19', 1),
(355, 592, 32, 76, 3, '2026-01-19', 1),
(356, 593, 32, 76, 3, '2026-01-19', 1),
(357, 598, 32, 76, 3, '2026-01-19', 1),
(358, 607, 32, 76, 3, '2026-01-19', 1),
(359, 608, 32, 76, 3, '2026-01-19', 1),
(360, 609, 32, 76, 3, '2026-01-19', 1),
(361, 612, 32, 76, 3, '2026-01-19', 1),
(362, 615, 32, 76, 3, '2026-01-19', 1),
(363, 617, 32, 76, 3, '2026-01-19', 1),
(364, 620, 32, 76, 3, '2026-01-19', 1),
(365, 621, 32, 76, 3, '2026-01-19', 1),
(366, 622, 32, 76, 3, '2026-01-19', 1),
(367, 633, 32, 76, 3, '2026-01-19', 1),
(368, 634, 32, 76, 3, '2026-01-19', 1),
(369, 638, 32, 76, 3, '2026-01-19', 1),
(370, 642, 32, 76, 3, '2026-01-19', 1),
(371, 644, 32, 76, 3, '2026-01-19', 1),
(372, 648, 32, 76, 3, '2026-01-19', 1),
(373, 649, 32, 76, 3, '2026-01-19', 1),
(374, 650, 32, 76, 3, '2026-01-19', 1),
(375, 653, 32, 76, 3, '2026-01-19', 1),
(376, 656, 32, 76, 3, '2026-01-19', 1),
(377, 657, 32, 76, 3, '2026-01-19', 1),
(378, 660, 32, 76, 3, '2026-01-19', 1),
(379, 662, 32, 76, 3, '2026-01-19', 1),
(380, 667, 32, 76, 3, '2026-01-19', 1),
(381, 668, 32, 76, 3, '2026-01-19', 1),
(382, 671, 32, 76, 3, '2026-01-19', 0),
(383, 673, 32, 76, 3, '2026-01-19', 0),
(384, 676, 32, 76, 3, '2026-01-19', 0),
(385, 680, 32, 76, 3, '2026-01-19', 0),
(386, 682, 32, 76, 3, '2026-01-19', 0),
(387, 683, 32, 76, 3, '2026-01-19', 0),
(388, 685, 32, 76, 3, '2026-01-19', 0),
(389, 686, 32, 76, 3, '2026-01-19', 0),
(390, 687, 32, 76, 3, '2026-01-19', 0),
(391, 619, 35, 77, 1, '2026-01-23', 0),
(392, 620, 35, 77, 1, '2026-01-23', 0),
(393, 621, 35, 77, 1, '2026-01-23', 0),
(394, 622, 35, 77, 1, '2026-01-23', 0),
(395, 623, 35, 77, 1, '2026-01-23', 0),
(396, 624, 35, 77, 1, '2026-01-23', 0),
(397, 625, 35, 77, 1, '2026-01-23', 0),
(398, 626, 35, 77, 1, '2026-01-23', 0),
(399, 627, 35, 77, 1, '2026-01-23', 0),
(400, 628, 35, 77, 1, '2026-01-23', 1),
(401, 629, 35, 77, 1, '2026-01-23', 1),
(402, 630, 35, 77, 1, '2026-01-23', 1),
(403, 631, 35, 77, 1, '2026-01-23', 1),
(404, 632, 35, 77, 1, '2026-01-23', 1),
(405, 633, 35, 77, 1, '2026-01-23', 1),
(406, 634, 35, 77, 1, '2026-01-23', 1),
(407, 635, 35, 77, 1, '2026-01-23', 1),
(408, 636, 35, 77, 1, '2026-01-23', 1),
(409, 637, 35, 77, 1, '2026-01-23', 1),
(410, 638, 35, 77, 1, '2026-01-23', 1),
(411, 639, 35, 77, 1, '2026-01-23', 1),
(412, 640, 35, 77, 1, '2026-01-23', 1),
(413, 641, 35, 77, 1, '2026-01-23', 1),
(414, 642, 35, 77, 1, '2026-01-23', 1),
(415, 643, 35, 77, 1, '2026-01-23', 1),
(416, 644, 35, 77, 1, '2026-01-23', 1),
(417, 645, 35, 77, 1, '2026-01-23', 1),
(418, 646, 35, 77, 1, '2026-01-23', 1),
(419, 647, 35, 77, 1, '2026-01-23', 1),
(420, 648, 35, 77, 1, '2026-01-23', 1),
(421, 649, 35, 77, 1, '2026-01-23', 1),
(422, 650, 35, 77, 1, '2026-01-23', 1),
(423, 651, 35, 77, 1, '2026-01-23', 1),
(424, 652, 35, 77, 1, '2026-01-23', 1),
(425, 653, 35, 77, 1, '2026-01-23', 1),
(426, 654, 35, 77, 1, '2026-01-23', 1),
(427, 655, 35, 77, 1, '2026-01-23', 0),
(428, 656, 35, 77, 1, '2026-01-23', 0),
(429, 657, 35, 77, 1, '2026-01-23', 0),
(430, 658, 35, 77, 1, '2026-01-23', 0),
(431, 659, 35, 77, 1, '2026-01-23', 0),
(432, 660, 35, 77, 1, '2026-01-23', 0),
(433, 661, 35, 77, 1, '2026-01-23', 1),
(434, 662, 35, 77, 1, '2026-01-23', 1),
(435, 663, 35, 77, 1, '2026-01-23', 1),
(436, 664, 35, 77, 1, '2026-01-23', 1),
(437, 665, 35, 77, 1, '2026-01-23', 1),
(438, 666, 35, 77, 1, '2026-01-23', 1),
(439, 667, 35, 77, 1, '2026-01-23', 1),
(440, 668, 35, 77, 1, '2026-01-23', 1),
(441, 669, 35, 77, 1, '2026-01-23', 1),
(442, 670, 35, 77, 1, '2026-01-23', 1),
(443, 671, 35, 77, 1, '2026-01-23', 1),
(444, 672, 35, 77, 1, '2026-01-23', 1),
(445, 673, 35, 77, 1, '2026-01-23', 1),
(446, 674, 35, 77, 1, '2026-01-23', 1),
(447, 675, 35, 77, 1, '2026-01-23', 1),
(448, 676, 35, 77, 1, '2026-01-23', 1),
(449, 677, 35, 77, 1, '2026-01-23', 1),
(450, 678, 35, 77, 1, '2026-01-23', 1),
(451, 679, 35, 77, 1, '2026-01-23', 1),
(452, 680, 35, 77, 1, '2026-01-23', 1),
(453, 681, 35, 77, 1, '2026-01-23', 1),
(454, 682, 35, 77, 1, '2026-01-23', 1),
(455, 683, 35, 77, 1, '2026-01-23', 1),
(456, 684, 35, 77, 1, '2026-01-23', 1),
(457, 685, 35, 77, 1, '2026-01-23', 1),
(458, 686, 35, 77, 1, '2026-01-23', 1),
(459, 687, 35, 77, 1, '2026-01-23', 1),
(460, 688, 35, 77, 1, '2026-01-23', 1),
(461, 549, 34, 77, 1, '2026-01-23', 1),
(462, 550, 34, 77, 1, '2026-01-23', 0),
(463, 551, 34, 77, 1, '2026-01-23', 1),
(464, 552, 34, 77, 1, '2026-01-23', 0),
(465, 553, 34, 77, 1, '2026-01-23', 0),
(466, 554, 34, 77, 1, '2026-01-23', 0),
(467, 555, 34, 77, 1, '2026-01-23', 0),
(468, 556, 34, 77, 1, '2026-01-23', 0),
(469, 557, 34, 77, 1, '2026-01-23', 0),
(470, 558, 34, 77, 1, '2026-01-23', 0),
(471, 559, 34, 77, 1, '2026-01-23', 1),
(472, 560, 34, 77, 1, '2026-01-23', 1),
(473, 561, 34, 77, 1, '2026-01-23', 1),
(474, 562, 34, 77, 1, '2026-01-23', 1),
(475, 563, 34, 77, 1, '2026-01-23', 1),
(476, 564, 34, 77, 1, '2026-01-23', 1),
(477, 565, 34, 77, 1, '2026-01-23', 1),
(478, 566, 34, 77, 1, '2026-01-23', 1),
(479, 567, 34, 77, 1, '2026-01-23', 1),
(480, 568, 34, 77, 1, '2026-01-23', 1),
(481, 569, 34, 77, 1, '2026-01-23', 1),
(482, 570, 34, 77, 1, '2026-01-23', 1),
(483, 571, 34, 77, 1, '2026-01-23', 1),
(484, 572, 34, 77, 1, '2026-01-23', 1),
(485, 573, 34, 77, 1, '2026-01-23', 1),
(486, 574, 34, 77, 1, '2026-01-23', 1),
(487, 575, 34, 77, 1, '2026-01-23', 1),
(488, 576, 34, 77, 1, '2026-01-23', 1),
(489, 577, 34, 77, 1, '2026-01-23', 1),
(490, 578, 34, 77, 1, '2026-01-23', 1),
(491, 579, 34, 77, 1, '2026-01-23', 1),
(492, 580, 34, 77, 1, '2026-01-23', 1),
(493, 581, 34, 77, 1, '2026-01-23', 1),
(494, 582, 34, 77, 1, '2026-01-23', 1),
(495, 583, 34, 77, 1, '2026-01-23', 1),
(496, 584, 34, 77, 1, '2026-01-23', 1),
(497, 585, 34, 77, 1, '2026-01-23', 1),
(498, 586, 34, 77, 1, '2026-01-23', 1),
(499, 587, 34, 77, 1, '2026-01-23', 1),
(500, 588, 34, 77, 1, '2026-01-23', 1),
(501, 589, 34, 77, 1, '2026-01-23', 1),
(502, 590, 34, 77, 1, '2026-01-23', 1),
(503, 591, 34, 77, 1, '2026-01-23', 1),
(504, 592, 34, 77, 1, '2026-01-23', 1),
(505, 593, 34, 77, 1, '2026-01-23', 1),
(506, 594, 34, 77, 1, '2026-01-23', 1),
(507, 595, 34, 77, 1, '2026-01-23', 1),
(508, 596, 34, 77, 1, '2026-01-23', 1),
(509, 597, 34, 77, 1, '2026-01-23', 1),
(510, 598, 34, 77, 1, '2026-01-23', 1),
(511, 599, 34, 77, 1, '2026-01-23', 1),
(512, 600, 34, 77, 1, '2026-01-23', 1),
(513, 601, 34, 77, 1, '2026-01-23', 1),
(514, 602, 34, 77, 1, '2026-01-23', 1),
(515, 603, 34, 77, 1, '2026-01-23', 1),
(516, 604, 34, 77, 1, '2026-01-23', 1),
(517, 605, 34, 77, 1, '2026-01-23', 1),
(518, 606, 34, 77, 1, '2026-01-23', 1),
(519, 607, 34, 77, 1, '2026-01-23', 1),
(520, 608, 34, 77, 1, '2026-01-23', 1),
(521, 609, 34, 77, 1, '2026-01-23', 1),
(522, 610, 34, 77, 1, '2026-01-23', 1),
(523, 611, 34, 77, 1, '2026-01-23', 1),
(524, 612, 34, 77, 1, '2026-01-23', 1),
(525, 613, 34, 77, 1, '2026-01-23', 1),
(526, 614, 34, 77, 1, '2026-01-23', 1),
(527, 615, 34, 77, 1, '2026-01-23', 1),
(528, 616, 34, 77, 1, '2026-01-23', 0),
(529, 617, 34, 77, 1, '2026-01-23', 0),
(530, 618, 34, 77, 1, '2026-01-23', 0);

-- --------------------------------------------------------

--
-- Table structure for table `tblchapters`
--

CREATE TABLE `tblchapters` (
  `Id` int(11) NOT NULL,
  `teacherId` int(11) DEFAULT NULL,
  `subject` varchar(100) DEFAULT NULL,
  `chapterName` varchar(255) DEFAULT NULL,
  `fileName` varchar(255) DEFAULT NULL,
  `fileType` varchar(50) DEFAULT NULL,
  `uploadedOn` date DEFAULT NULL
) ENGINE=InnoDB DEFAULT CHARSET=utf8mb4 COLLATE=utf8mb4_general_ci;

--
-- Dumping data for table `tblchapters`
--

INSERT INTO `tblchapters` (`Id`, `teacherId`, `subject`, `chapterName`, `fileName`, `fileType`, `uploadedOn`) VALUES
(5, 2, 'Machine Learning', 'unit-1', '1767717345_ML UNIT 1.pdf', 'pdf', '2026-01-06'),
(6, 2, 'Machine Learning', 'Unit-2', '1767717365_ML Unit-2.pdf', 'pdf', '2026-01-06'),
(7, 2, 'Machine Learning', 'Unit-3', '1767718167_unit 3 ml.pdf', 'pdf', '2026-01-06'),
(8, 71, 'Internet Of Things', 'unit-1', '1768019349_NLP Unit-1 Slides@2026.pdf', 'pdf', '2026-01-10');

-- --------------------------------------------------------

--
-- Table structure for table `tblclass`
--

CREATE TABLE `tblclass` (
  `Id` int(10) NOT NULL,
  `className` varchar(255) NOT NULL
) ENGINE=MyISAM DEFAULT CHARSET=latin1 COLLATE=latin1_swedish_ci;

--
-- Dumping data for table `tblclass`
--

INSERT INTO `tblclass` (`Id`, `className`) VALUES
(8, 'CSE-DS');

-- --------------------------------------------------------

--
-- Table structure for table `tblclassarms`
--

CREATE TABLE `tblclassarms` (
  `Id` int(10) NOT NULL,
  `classId` varchar(10) NOT NULL,
  `classArmName` varchar(255) NOT NULL,
  `isAssigned` varchar(10) NOT NULL
) ENGINE=MyISAM DEFAULT CHARSET=latin1 COLLATE=latin1_swedish_ci;

--
-- Dumping data for table `tblclassarms`
--

INSERT INTO `tblclassarms` (`Id`, `classId`, `classArmName`, `isAssigned`) VALUES
(13, '8', 'A', ''),
(14, '8', 'B', ''),
(15, '8', 'C', '');

-- --------------------------------------------------------

--
-- Table structure for table `tblfaculty_subject`
--

CREATE TABLE `tblfaculty_subject` (
  `Id` int(11) NOT NULL,
  `teacherId` int(11) DEFAULT NULL,
  `subjectId` int(11) DEFAULT NULL
) ENGINE=InnoDB DEFAULT CHARSET=utf8mb4 COLLATE=utf8mb4_general_ci;

--
-- Dumping data for table `tblfaculty_subject`
--

INSERT INTO `tblfaculty_subject` (`Id`, `teacherId`, `subjectId`) VALUES
(46, 62, 26),
(47, 63, 26),
(48, 64, 26),
(49, 65, 27),
(50, 66, 27),
(51, 67, 27),
(52, 68, 28),
(53, 69, 28),
(54, 70, 28),
(55, 71, 29),
(56, 72, 29),
(57, 73, 29),
(58, 74, 30),
(59, 75, 31),
(60, 76, 32),
(62, 78, 33),
(71, 77, 34),
(72, 77, 35);

-- --------------------------------------------------------

--
-- Table structure for table `tblsessionterm`
--

CREATE TABLE `tblsessionterm` (
  `Id` int(10) NOT NULL,
  `sessionName` varchar(50) NOT NULL,
  `termId` varchar(50) NOT NULL,
  `isActive` varchar(10) NOT NULL,
  `dateCreated` varchar(50) NOT NULL
) ENGINE=MyISAM DEFAULT CHARSET=latin1 COLLATE=latin1_swedish_ci;

-- --------------------------------------------------------

--
-- Table structure for table `tblstudents`
--

CREATE TABLE `tblstudents` (
  `Id` int(10) NOT NULL,
  `firstName` varchar(255) NOT NULL,
  `lastName` varchar(255) NOT NULL,
  `admissionNumber` varchar(255) NOT NULL,
  `password` varchar(255) NOT NULL,
  `classId` varchar(10) NOT NULL,
  `classArmId` varchar(10) NOT NULL,
  `dateCreated` varchar(50) NOT NULL
) ENGINE=MyISAM DEFAULT CHARSET=latin1 COLLATE=latin1_swedish_ci;

--
-- Dumping data for table `tblstudents`
--

INSERT INTO `tblstudents` (`Id`, `firstName`, `lastName`, `admissionNumber`, `password`, `classId`, `classArmId`, `dateCreated`) VALUES
(687, 'KURUVA UDAY', 'KUMAR', '24095A3219', '$2y$10$hRg1FrfsmwOy6bUWKgq1Seuz8Zqtg1RmUBLmRnnTr327rclexWHd2', '8', '15', '2026-01-08'),
(688, 'CHINTHAM REDDY VENKATA RAVI TEJA', 'REDDY', '24095A3220', '$2y$10$2Wyw1SnaNm9xCupM/pGSQe1U1R6r7Lf/oWU3ZpRQE1QCA1GNks6qO', '8', '15', '2026-01-08'),
(685, 'NANAPU', 'SASINDHAR', '24095A3217', '$2y$10$L1AzMebjgGc9Ok/ep9plh.YRihPcxKU0jGZWAVlH.fONHzxTg7wnK', '8', '15', '2026-01-08'),
(686, 'PULACHERLA', 'THIMMARAJU', '24095A3218', '$2y$10$LrklEPC/1scE8tpny6e8rO2CyMZjJxFqJk5jXdotTJdH5Cc4jtRj6', '8', '15', '2026-01-08'),
(684, 'PALUTLA SAI', 'VAMSHI', '24095A3216', '$2y$10$YoWDC/xWczB2dZjJsDOp3uWs6NhXBuvYbURPVL7yFLfrLV5eTzYYi', '8', '15', '2026-01-08'),
(683, 'KARNATI REDDY', 'RAHUL', '24095A3215', '$2y$10$Z.qPAn274VwIBW2POuGHeunjSUK.tZFQeQ8whTNGD0cA5X.RQOGoK', '8', '15', '2026-01-08'),
(682, 'YALLURU', 'RANI', '24095A3214', '$2y$10$zsESiCkROQ4tR0p3sm4nuOGo2OopLe1MiMPQEhWEO9uLfEZmYwxje', '8', '15', '2026-01-08'),
(681, 'KODURU PADMA', 'BINDU', '24095A3213', '$2y$10$cF6zw8bL4zHOBhUaYggvNexYSxAADoRdC1nZhFbQt47ozixDnQDgS', '8', '15', '2026-01-08'),
(680, 'KESAMREDDY NITHINKUMAR', 'REDDY', '24095A3212', '$2y$10$EwdM8.sk3LTkSYrQleFgwOoJBFZp6IgDlRmvtJQil1LR6Ccu9ROGC', '8', '15', '2026-01-08'),
(679, 'VADDE', 'NAVEEN', '24095A3211', '$2y$10$3cr.ab8iij94tVw2pBKYh.8pmbaN5CA11IbVPjLEGnf1h4p7G0saG', '8', '15', '2026-01-08'),
(678, 'PAPISETTI NAGA', 'NANDINI', '24095A3210', '$2y$10$8Y59i9xriaGEavIsRW/Yi.Ynsvib93hAV7USe8Tz5JaqHvl4Ktdf2', '8', '15', '2026-01-08'),
(677, 'CHERLOPALLI LAKSHMI BHARGAVI', 'DEVI', '24095A3209', '$2y$10$YCXpYYzoZq2OxCFc17tINetD9dYY7yCo1VG0FZTIyvBQTcH1LrVP2', '8', '15', '2026-01-08'),
(675, 'DERANGULA DURGA', 'SUMANTH', '24095A3207', '$2y$10$XMTP6GlLAatDncv0Zs6doeeYLtNU9llineG8y8.WQTl2kcq.irUvC', '8', '15', '2026-01-08'),
(676, 'KONIGEPOGU', 'JOHNSON', '24095A3208', '$2y$10$r6NRl3b5rt0okjrQE4YsseNUWPzndkwU8eld0YKPJAUj.Kgw4JhEq', '8', '15', '2026-01-08'),
(674, 'CHALLA CHINNA', 'OBULESH', '24095A3206', '$2y$10$CM41YWE5pxxrpiJW2GDu2.o4Z6hUbOma3vaIYFK33ZA3vZiPOYNKO', '8', '15', '2026-01-08'),
(673, 'VALIPI', 'CHARANKUMAR', '24095A3205', '$2y$10$kDI4QuTL1tVYXQ9DUc6v1Ogoc0xT21eHdiZ9gzEO.yvc7W3yV1VNK', '8', '15', '2026-01-08'),
(672, 'DODIYAM CHAND', 'BASHA', '24095A3204', '$2y$10$duurLClp347CaCCVhF0x.uHNblnJ.EYjnU3EG42gha.b3dIrRYq/i', '8', '15', '2026-01-08'),
(671, 'RACHAGOLLA', 'CHAKRAPANI', '24095A3203', '$2y$10$eTDWUQEjn/iFIGwHhalAQewO2cc/G6WujYLu6hZl6wjz3U5/etv7m', '8', '15', '2026-01-08'),
(669, 'SHAIK', 'ABIDA', '24095A3201', '$2y$10$bnNs8FSrIs5pr72hmQ.M3ug7pd23Wp6CFh/HvDya9uW9YM7bEXH9K', '8', '15', '2026-01-08'),
(670, 'YELUGOTI', 'ANUSREE', '24095A3202', '$2y$10$06p878lHM2STV023Cca9LeP8.fXSdxMgXlmyBANUD3rHmwyfM1YDm', '8', '15', '2026-01-08'),
(668, 'SAGINELA', 'YASWANTH', '23091A32K6', '$2y$10$FugN7cXUFf0cC6VP9IJx3uCl.EML03tibRQtcjDgFkC0/rMiUCxhq', '8', '15', '2026-01-08'),
(667, 'BADA YASWANTH', 'REDDY', '23091A32K5', '$2y$10$qZvPE8OSK41jYDHdLOjb5.WLDWRnqXxm0JxsGppH14LoP3w2nWUaS', '8', '15', '2026-01-08'),
(666, 'VALMIKI YASWANTH', 'RAM', '23091A32K4', '$2y$10$HJLlGP9vTja8H9gn6aJeqOHrET1CPzOxhkNZsj6EOeWjBy/TmKWBm', '8', '15', '2026-01-08'),
(665, 'KANNEBOINA', 'YAGNESH', '23091A32K3', '$2y$10$F2bSX/TOv1DGNf0CQ2xzo.eaLMTvQP605qhutQhD1ZRkhWos7sRTG', '8', '15', '2026-01-08'),
(664, 'CHEVITI', 'VYSHNAVI', '23091A32K2', '$2y$10$soP22L879P05txpu7lYKr.M4VbGHmaAT4PhN2yKFEdNfBmI.eA3I2', '8', '15', '2026-01-08'),
(663, 'G VISHNUVARDHAN', 'REDDY', '23091A32K1', '$2y$10$O4tWoSxOXhXhUYuEZFYTwuYreVUxT7L.FMYuFO59X/y5p12KfqkqW', '8', '15', '2026-01-08'),
(662, 'SINGAMREDDY VISHNU', 'PRIYA', '23091A32K0', '$2y$10$X5sQ/QzrPFu.X9JTWmOU9OCK/SGASbEQZBH9XPnCDjEPlT7fgTG1.', '8', '15', '2026-01-08'),
(661, 'PABBATHI', 'VIJAYALAKSHMI', '23091A32J9', '$2y$10$ebpkm6XfGfVt81a79wSZI..d.4yRfQJaVHPNyK.8Fz50vbpT8tS2W', '8', '15', '2026-01-08'),
(660, 'GYARA VIJAY', 'KUMAR', '23091A32J8', '$2y$10$FcXsaxjVXSn0hmCUhmkTye72dRfNYzTPtiWDESgU.gEBqTD/eveyW', '8', '15', '2026-01-08'),
(659, 'YELAM', 'VENU', '23091A32J7', '$2y$10$z1FlPuTQtR0YR8jO47xE1ODP2AQaAZF9QGpXQu2JhkZdjhH11Z2gC', '8', '15', '2026-01-08'),
(658, 'V', 'VENKATESH', '23091A32J6', '$2y$10$XEjy/Z4ttA/0xQpnqBgOyuJb2pBXKRxrFP6tkqrvW5RX10FEfdeMe', '8', '15', '2026-01-08'),
(657, 'GADIGAREVULA', 'VENKATESH', '23091A32J5', '$2y$10$zZfMwN7Itiw7dPpmWkeL9.f6TQK.yMYd1MmmaVgpr5qjV74SlPi7a', '8', '15', '2026-01-08'),
(656, 'PALLETI VENKATA SREEDHAR', 'REDDY', '23091A32J4', '$2y$10$YLGJE.5skUjCLwRRmzS4tOJ4EdxHT0LTHZQJyxmgAXcCc3F.GL40W', '8', '15', '2026-01-08'),
(655, 'GORLLA VENKATA', 'SAINATH', '23091A32J3', '$2y$10$Njx6MlTiVt2hSjGifFcuZ.KDyzGi71sMLU6XxD5/wQYBAwJBzUAIK', '8', '15', '2026-01-08'),
(654, 'K VENKATA SAI', 'KATHYANI', '23091A32J2', '$2y$10$ZoloEgpXLFYp8UssyJPbiu.85VWcvLGblktAv6yQkHUngAQM0Jcdu', '8', '15', '2026-01-08'),
(653, 'JINKA VENKATA', 'DINESH', '23091A32J1', '$2y$10$tpT.jS2EOfoLCgK1qkRmzOqQDSFXeJMQN.OWzGThWfJchh.LHYb3O', '8', '15', '2026-01-08'),
(652, 'SRIKAKULA VENKATA', 'DEEKSHITHA', '23091A32J0', '$2y$10$rnCSMuu6wlIOHu/Ora3Q4eId.2k0urwnehvYW3GiQZJct0uiHvUsa', '8', '15', '2026-01-08'),
(651, 'GODUGU', 'VEENA', '23091A32H9', '$2y$10$26ofDBMhWtjT.pBrmUgvjuFIM6adtF4soY5ne5USNR0HnC6XpVFiu', '8', '15', '2026-01-08'),
(650, 'SHAIK VASEEM', 'BASHA', '23091A32H8', '$2y$10$xLo.T4LC3SHIRQmWMhY/COYyne89RaUNGj91YSmVCRCKsThvYqAqS', '8', '15', '2026-01-08'),
(649, 'SINGANAMALLA', 'VASAVI', '23091A32H7', '$2y$10$blJF5jPZFOOEDisqPEN2ZuJR6ex1HQuIh6G3mpGyHQWpj9EkNbMt2', '8', '15', '2026-01-08'),
(648, 'YELISETTY VASANTHA', 'LAKSHMI', '23091A32H6', '$2y$10$Ufxhi1HtLKNULBL0Cn00Jeg0U3gcwch4CfIOXZmoiZNgKauePLanK', '8', '15', '2026-01-08'),
(647, 'KAYAPATI', 'VAISHNAVI', '23091A32H5', '$2y$10$SjCOLGqiTn8uwdSGXs2jOeUo5W/095MsJPlTRukDW69JEHWKOD51.', '8', '15', '2026-01-08'),
(646, 'SHAIK UMAR', 'KHAJA', '23091A32H4', '$2y$10$5AGUjTZIed78nc/hVMksCuKmbnpoBZAQIxOTjrISH5/zqVR56n.OG', '8', '15', '2026-01-08'),
(645, 'BASIREDDY UDAY SHANKAR', 'REDDY', '23091A32H3', '$2y$10$/ZSePaRQco9MB3pXWqnOMutNlEVNZlSChDKQ4TapyWeTVrBdH2b9i', '8', '15', '2026-01-08'),
(644, 'MUSALIREDDY GARI UDAY KUMAR', 'REDDY', '23091A32H2', '$2y$10$W/pzFwtNSPAh./QDxHaww.vE3wIuIDzudIlh6mTrudD9xZ/0ae.4a', '8', '15', '2026-01-08'),
(642, 'MUNUGALA UDAY KIRAN', 'REDDY', '23091A32H0', '$2y$10$DKWSIlbi9t1hNxZw7vLvGeCS4YCC8ua0.zWy9YBhR0kHiWBIIzV3q', '8', '15', '2026-01-08'),
(643, 'NOSSAM UDAY KIRAN', 'REDDY', '23091A32H1', '$2y$10$alDKc.vxJjV3R/5DC4oA1e2uD19Bzfc8SEntUX6AnHW9tLb5Dm/6S', '8', '15', '2026-01-08'),
(641, 'BADRI THARUN KUMAR', 'REDDY', '23091A32G9', '$2y$10$f.4XeaHwxGpM6lGVAbDwu.odvuU/MkJRwTmnxBUMa9.vN0K6VTBz2', '8', '15', '2026-01-08'),
(639, 'YANDAPALLI', 'TEJASWINI', '23091A32G7', '$2y$10$BMFRbfeZTmgqpGOUIkjpT.96XVm3Pf1FSdIHcUuRtqEFFFTZ9j39i', '8', '15', '2026-01-08'),
(640, 'KAMPAMALLA', 'THARAKESH', '23091A32G8', '$2y$10$sw/f4UkqdR988LO9XPkhS.2piQmQRKKDTMLspclj0AlojXYtKkeX6', '8', '15', '2026-01-08'),
(638, 'MADANAPUR', 'TEJASRI', '23091A32G6', '$2y$10$yYS1yMVj7vzl4S.qltUkyuyJwb.X8rk/IUq/6qKaWc6CadE7/i3GK', '8', '15', '2026-01-08'),
(637, 'EDIGA', 'SWETHA', '23091A32G5', '$2y$10$/D142RVdxrt0vDnqMxPxU.ciE71Df5Ix3x5fJvjS3EEyJ3DF9tkwy', '8', '15', '2026-01-08'),
(636, 'ASHAMAINA', 'SWETHA', '23091A32G4', '$2y$10$ujpk7IjpVkUGDjNu4Rip5O.S3b94z8uXKdiw6LSlMvydaqjMLNWt.', '8', '15', '2026-01-08'),
(634, 'VIDUDALA SUSEEL', 'KUMAR', '23091A32G2', '$2y$10$LfzXopVf8P6QfyxArvYOw.ICYK.DzNIbIG2wUhRxQjr3/hBvbKCNa', '8', '15', '2026-01-08'),
(635, 'PALAJI', 'SWAPNA', '23091A32G3', '$2y$10$JyrtBlES/iu8O86G04tUxO1NfNlIxN5CVJNnQBb/.AVMnHTsggLx2', '8', '15', '2026-01-08'),
(633, 'KANDUKURI SURYA', 'TEJA', '23091A32G1', '$2y$10$HFiPWFHLxitWgz/AExHV1OJygAlZKbg17p5iUbn5M1VDAFCxgWVcu', '8', '15', '2026-01-08'),
(632, 'KAMMURI SURENDRA', 'REDDY', '23091A32G0', '$2y$10$hVVL9Gu/g/3G2644wzOgs.V3knM58MGCiRePtqLPZlg3ASsTvZZNq', '8', '15', '2026-01-08'),
(631, 'GOBBARAKALLU', 'SURENDRA', '23091A32F9', '$2y$10$BCEkdXVnxm6GsxDdqW4wAuiGskor7yJfgzPI/Sh/642D5V.d5TLAO', '8', '15', '2026-01-08'),
(630, 'MARELLA', 'SUMANTH', '23091A32F8', '$2y$10$L4gk1ddU/hW9tnLu.VErneKXVuI2D86PdUyqPn//CvpheQFu/SnAC', '8', '15', '2026-01-08'),
(628, 'ADEM', 'SUJITHA', '23091A32F5', '$2y$10$LrJJ.CB7iBhJA5Yfs7YaaeAt0iYEwXiojk7EQ/WIA5WS8yj1khr8O', '8', '15', '2026-01-08'),
(629, 'GADDAM', 'SUKANYA', '23091A32F6', '$2y$10$ff22P2QEI4cMy6kqoXhA8Oc7K.6awQq9Pi0o1sKyQZ6UgICLK7mKu', '8', '15', '2026-01-08'),
(627, 'GOLLA SUJITH', 'YADAV', '23091A32F4', '$2y$10$BSDurRpP5h0eybVXxKOSb.Ux3HYz22HV9nu7TqvhAiQvOY8sir18W', '8', '15', '2026-01-08'),
(626, 'JATANGI', 'SUHAAS', '23091A32F3', '$2y$10$ovpZ4dgqO7LdanQgnfrIJOATOpnPyAvcpd2WFvYjktUoNKah4Tpiq', '8', '15', '2026-01-08'),
(625, 'GAJJALA', 'SUGUNA', '23091A32F2', '$2y$10$4pcvnPjrzJwQdWTGzJrMu.M6kcSgV1f/gUvEdLRQu4tD0LIzV.YdO', '8', '15', '2026-01-08'),
(624, 'VIPPALA SUDHARSHAN', 'REDDY', '23091A32F1', '$2y$10$25iT8oatH8Jtxrn/LjuDwuctXwf5AjKkowGx1vyYaST4/L0hvnSu.', '8', '15', '2026-01-08'),
(623, 'TALARI', 'SRUJANA', '23091A32F0', '$2y$10$htL5NwHDEjUHa6tnPgOFLeWL50ksFnoAenNW9XnlQslFfEnfKLcSq', '8', '15', '2026-01-08'),
(621, 'MADAS SREE DURGA SAI', 'KUMAR', '23091A32E8', '$2y$10$vSXPDp8aff76qFFXRtYSbOa5GgiVUzMlpqeezIbtq7svTYcxoFaUC', '8', '15', '2026-01-08'),
(622, 'DASARI', 'SRIVARDHAN', '23091A32E9', '$2y$10$bwSir9KgBAF89VDDMunK0.3vtokDUVaGl10PydTG5/AtKySbtoSje', '8', '15', '2026-01-08'),
(620, 'PULLANIKKIL', 'SRADDHA', '23091A32E7', '$2y$10$/DZgI.VkK8lhyo4lOrCGleXuq2qiQAoTwCB0YFmhjdwKU33otOsGO', '8', '15', '2026-01-08'),
(619, 'BYSANI', 'SPANDANA', '23091A32E6', '$2y$10$lUqaSiAq.ttFGUza.pOH3.lexTjTsk0..nwvA9tXYo1h2/TDFuK/C', '8', '15', '2026-01-08'),
(617, 'KATAM SIVA', 'TEJA', '23091A32E4', '$2y$10$1y/yzq2LyyMZwIY3Zoq33.ep5UH7Bl4iLObzZt7szdtW7ye90ePB.', '8', '14', '2026-01-08'),
(618, 'GOSETTI', 'SOWMYA', '23091A32E5', '$2y$10$dV.ZcMJFuIK5zw2y0m4.p.WWUq72Tym/K5pv32QcVIVUbUceIxQBK', '8', '14', '2026-01-08'),
(616, 'KORA', 'SIREESHA', '23091A32E2', '$2y$10$kciw/BhfxEcEZCEI7/uGMOPOaPZ3i.AXOinR8RD0NHm2EoUE3wjGK', '8', '14', '2026-01-08'),
(615, 'KAPATRALLA MUHAMMAD SHOAIB', 'ALI', '23091A32E1', '$2y$10$gJVurB9KBNdbyN8SpMc3KOOKhyLC8p2x5UcdpNmMcQtnpKWX7/tsi', '8', '14', '2026-01-08'),
(614, 'CHAKALI', 'SHASHANK', '23091A32D9', '$2y$10$xYfbuLQUWOnvWUuGuJNNCO.1KZcc/KlxnisdZ9dSfu7fGkGEbO.D2', '8', '14', '2026-01-08'),
(613, 'NALLAMALA', 'SHARUKESH', '23091A32D8', '$2y$10$ROUbgb1CsTnaVDt30x.1WuChv2Cbwuqay8xr0myzopOuExr5tTVde', '8', '14', '2026-01-08'),
(612, 'MURAHARI SHARATH', 'CHANDRA', '23091A32D7', '$2y$10$SFKCrRegZ1JFOQhOAGCQKu3ooOr2P2nyAsZLgWxitr3p2HEtUHETq', '8', '14', '2026-01-08'),
(611, 'VENIGALLA SHAMANTH', 'CHOWDARY', '23091A32D6', '$2y$10$.XVx2osyLuCULijSWhYnbe3hh6EW7BG./869Am39ZxYM6DyhjXt8e', '8', '14', '2026-01-08'),
(610, 'VALLURU', 'SHAKEER', '23091A32D5', '$2y$10$raKK4OczMNe02lQazyJzU.f9v9w8dRVc2znf/tVPU6nA410eKfj46', '8', '14', '2026-01-08'),
(609, 'SHAIK MAHAMMAD SHAHID', 'AFRID', '23091A32D4', '$2y$10$rsc3u25QjGDPkdrT5a3RHeC0P0hpQe9Z1teI.vaGLuvfLBR9Bfq2u', '8', '14', '2026-01-08'),
(608, 'PATHAN', 'SHABAJ', '23091A32D3', '$2y$10$4dH8p0GmCFZB.rMYX3jZBuB3tKluScCDTKLrZoDyE9bgpbdJSFuf2', '8', '14', '2026-01-08'),
(607, 'VELIGINTI SANTHI', 'SWAROOP', '23091A32D1', '$2y$10$2PeqpCdb76nn3Di3yLUnUeHS5Yjq5Akl1NWvRZ0CEjPgsrqMc9QIa', '8', '14', '2026-01-08'),
(606, 'PERUMALLA', 'SAMUEL', '23091A32D0', '$2y$10$nqAC98Xzr/K4hTqwd0PxO.bmzvzGsHrBZHOfW3.3ddzNonvCDx10i', '8', '14', '2026-01-08'),
(605, 'TIPPU', 'SALMA', '23091A32C9', '$2y$10$msoclaZA/8ph93RGcp1x1.NpuSUyYnNVWRWBhxFaIodvOPF54PENy', '8', '14', '2026-01-08'),
(604, 'P SAI', 'SUDHA', '23091A32C8', '$2y$10$TFdH.7cqrqCWOVl7beY3r.GBj9hFTc4aWKctee2OCQrgSRpgPvZz2', '8', '14', '2026-01-08'),
(603, 'CHINNASETTY SAI', 'HARSHITHA', '23091A32C7', '$2y$10$gjTbQpjxO8XAKXgQdklRQOOK0ZOaKFex/l/xG26tYPjmXtPrxcO9m', '8', '14', '2026-01-08'),
(601, 'SHAIK SAHAD', 'BASHA', '23091A32C5', '$2y$10$HNafr2v5r.lUDqcSa4.aXeIMRCx1vdXq3faZ7uHl4ILWuLWl4poQ6', '8', '14', '2026-01-08'),
(602, 'BANDI NANDAGARI SAI', 'CHARAN', '23091A32C6', '$2y$10$cm1h1Ang/uFMW.1HmaVFbeunhRzyJWkcZ1kziMJ6tmbLLVEVYOpBC', '8', '14', '2026-01-08'),
(600, 'ALAMURU', 'SABIYA', '23091A32C4', '$2y$10$O54OYtzmH5BfPvTbmOwU9.ePD5zZZjrZ6wQq6ZWfIqMjGuVs45gQy', '8', '14', '2026-01-08'),
(598, 'DRAKSHAM', 'RITHWICK', '23091A32C2', '$2y$10$vFfGYasaG9DheaV2s2HPzOyKO0eBDBx317oJDqUldTqqF8lize35W', '8', '14', '2026-01-08'),
(599, 'YARRAJODU', 'RUKMANGAR', '23091A32C3', '$2y$10$zXB62I5jioTOn/MNHUiSIeOv/MPA2mIRrn9rYjiKz76qM3MphhaZ6', '8', '14', '2026-01-08'),
(597, 'SHAIK', 'REHANA', '23091A32C1', '$2y$10$QZfQ3Z0SFoe8CTX5rnvUPeTY4js0PnHMwdToFS5ujiEXpnZO8ONGK', '8', '14', '2026-01-08'),
(596, 'NAGANDLA', 'RAMYASREE', '23091A32C0', '$2y$10$t61.cZUJ/4/h6CN83p2mq.OoZyi9d/mbNNh7mSTEj1zbTqio6jTA.', '8', '14', '2026-01-08'),
(595, 'PEDDAPALLE', 'RAJITHA', '23091A32B9', '$2y$10$f0icAfG8zvjAnk1ke2ZA9eND8EDDi5m.3QX1gAwX3EwHMGRn1BoVK', '8', '14', '2026-01-08'),
(594, 'ATHULLURI', 'RAHUL', '23091A32B8', '$2y$10$TTB1Q4jMQod2Z4a4atpHf.VIBkt5.sagFD2IOGmJy.MuFdncjFYMi', '8', '14', '2026-01-08'),
(592, 'TALARI RAGHU', 'RAMAIAH', '23091A32B6', '$2y$10$1sMni.tWltu9.41iV92nSuja8hEGXdlU.9yaU9bgLyrHhVVobf2mC', '8', '14', '2026-01-08'),
(593, 'CHAKALI', 'RAGHUNATH', '23091A32B7', '$2y$10$c6a5G84JH1bTQMQ7GJWD9OO96kjySHw0zFdyKkdCiTQ62m0tSB22.', '8', '14', '2026-01-08'),
(591, 'MODIYAM PURUSHOTHAM', 'REDDY', '23091A32B5', '$2y$10$mL.X6Nc00PNGriKYVrjpz..SV8lpaSXzVJPau/Dm1JQfjzAo/9HGm', '8', '14', '2026-01-08'),
(590, 'GADDALA', 'PREMSAGAR', '23091A32B4', '$2y$10$8cdJ6LkFCPcTsCclSkyax.IN7xjyRkeZcr9a09LEM1lJTFW/jWXSW', '8', '14', '2026-01-08'),
(588, 'MORABOYINA', 'PRAVALIKA', '23091A32B2', '$2y$10$Za6mxTmdat.Vwrup/Fva1eiwgu7EZm6p9vuX8rFnfl1EZHkPOcTa.', '8', '14', '2026-01-08'),
(589, 'BADIMELA', 'PRAVALLIKA', '23091A32B3', '$2y$10$KYHu6z1TyVAEVbWlDEfaDOhYrAiZbSeQIteKhuafrs5wbX6ahhIlW', '8', '14', '2026-01-08'),
(587, 'PRANJAL KUMAR', 'DINDAYAL', '23091A32B1', '$2y$10$tc6X0CDGjNGe2uG835owb.6ogJMJ14s3KP4oqTGmv4qRg6xu.cN9G', '8', '14', '2026-01-08'),
(586, 'MACHA', 'PRANEETHA', '23091A32B0', '$2y$10$qUyW6ssTCY9CW6xHpkFNFOvdIA/I0jNSjbQISQhuZzodHPOcrQkQ.', '8', '14', '2026-01-08'),
(585, 'CIPURAPU', 'PRAGATHI', '23091A32A9', '$2y$10$3a4nVE0ByeTlVdvxMeb6meFRtVB28EctAWTTHDoHFbLQpdqVEK39K', '8', '14', '2026-01-08'),
(583, 'GODUGU', 'PAVANI', '23091A32A7', '$2y$10$miHqbE11N7UcxZcjKYAVDuAVvER5YWXarY9E/YC4kbEZPxfvETtgq', '8', '14', '2026-01-08'),
(584, 'NAGELLA', 'PAVANI', '23091A32A8', '$2y$10$hgKkOEjogGu70PaN4T9ZgeQTyHEz25AzWO0TpAzBSt0seYXqDSK/G', '8', '14', '2026-01-08'),
(582, 'PALAM PAVAN KUMAR', 'REDDY', '23091A32A6', '$2y$10$R03gWp5MkyY9unp8xpSn.eYcR5htR6IiP3U9MzDsND6W0pByPzh7O', '8', '14', '2026-01-08'),
(581, 'PALLA PAVAN', 'KUMAR', '23091A32A5', '$2y$10$b.tfGWF2Vc8CnYny2Q2vXehIACmvR5mlx6PC9NlPVyarBD6v6jmWu', '8', '14', '2026-01-08'),
(580, 'LACHIGALLA', 'PARVATHI', '23091A32A4', '$2y$10$g70VBIxiMILJ1KYu/PHimuY7DXie8PimZxbyArrG4DvoN2kC3KidO', '8', '14', '2026-01-08'),
(579, 'KOTTE PANDU RANGA', 'REDDY', '23091A32A3', '$2y$10$J2Rn/BH.m5RqvDDCqXm04eGCcsndOamxXWtpPhIxD9GpE93whpLXa', '8', '14', '2026-01-08'),
(578, 'GOTIKE NITHYA SRI', 'REDDY', '23091A32A2', '$2y$10$J21h4upkYYE38V99TforVOuKU7NMzHxEknRu5xUjQyq7j.QGOzgLW', '8', '14', '2026-01-08'),
(577, 'GANDHAM', 'NIKHITHA', '23091A32A1', '$2y$10$nF43v6aTZurvOsQsZfm1aOkFEcgWAbASlAb/deWnEv7Sw7aaKofcK', '8', '14', '2026-01-08'),
(575, 'SIVADA NIKHIL', 'REDDY', '23091A3299', '$2y$10$YSOVgnTq3uJ7xi88IoWVeuuGGl8v8uQEkSSv.elWdy18Zsnp8DCbS', '8', '14', '2026-01-08'),
(576, 'BIJJAM', 'NIKHITHA', '23091A32A0', '$2y$10$xZi0r6RUvZZwYYyCTo0kguLysJ99wUJyTIQUnWbYGHRnZerwvB8aO', '8', '14', '2026-01-08'),
(574, 'SHAIK', 'NAZIYA', '23091A3298', '$2y$10$e115dwP0azKo5Dj3ROUzhuQE3oV0mZQIz8pwLBlo0yPvdwDfxhwpG', '8', '14', '2026-01-08'),
(573, 'SURYA NAVYA', 'SREE', '23091A3297', '$2y$10$9fMrTW2WphaDDVbxi3VXjugxVJekw.K6dwgzqmHOaX0TyaonvgazO', '8', '14', '2026-01-08'),
(572, 'ERABILIYAPPA GARI NAVEEN', 'KUMAR', '23091A3296', '$2y$10$QiU1W6Q9IOjjVvzG4dLJh.nm8Kq.VVsyL4Vqq4FFeFxD5Gwpw0lW.', '8', '14', '2026-01-08'),
(571, 'KURAKULA', 'NAVADEEP', '23091A3295', '$2y$10$3vBRPNhI/6TRQ9pHcqI.jO2Bu8Pno1ADxDqDddi9LbLRWEXAsqXiO', '8', '14', '2026-01-08'),
(570, 'KATIKA', 'NARENDRA', '23091A3294', '$2y$10$XjrfsHGGfhJrbvCYydezT.c2O6iodMKxVItAy9EZfvAEwXRDtsLVq', '8', '14', '2026-01-08'),
(569, 'PALAKOLANU NARAYANA', 'REDDY', '23091A3293', '$2y$10$shftNRU81b6YvAXUjMUP2.KcOl5BuOpcCcWTCal7HXbTaRFJm1472', '8', '14', '2026-01-08'),
(568, 'BOYA NAGATEJA', 'NAIDU', '23091A3292', '$2y$10$n5EhQ2Uk3jxpGswiDsTXleMF4OpxI5p9OHc0m1aZHC6EDQEk.hKCe', '8', '14', '2026-01-08'),
(566, 'DUDEKULA NAGA', 'BABU', '23091A3290', '$2y$10$qhHCLOBm5U5vhQ9sNoLdge3mP2j.HRWwQ4i3AQRzJJuLbU.MJcJjK', '8', '14', '2026-01-08'),
(567, 'BATHULA NAGA', 'THARUN', '23091A3291', '$2y$10$UDH/qFLRfWIBXgJviJkPSOOkQNF1Z/ZXcIaHvjOwz3UEe4VZO3fCi', '8', '14', '2026-01-08'),
(565, 'GUNTI MURALI', 'KRISHNA', '23091A3289', '$2y$10$DPE9hFObsCUeV8CWZ6RZUOxRncJLEag1jr94XP0A0M.bYDCGz1b86', '8', '14', '2026-01-08'),
(564, 'SRIPATHI MUNINDRA', 'KUMAR', '23091A3288', '$2y$10$pSe9y1z9IfOHSeCgWNlWruFasdtEaJpEF.5uueKYcL1TXruHhxWUa', '8', '14', '2026-01-08'),
(563, 'KUNTALA MUNI', 'PRASAD', '23091A3287', '$2y$10$jnGyhxLj2aDxz3WNfHy3nuMyy1/5KRy37fme4ew5oS6c3KHIy6wva', '8', '14', '2026-01-08'),
(562, 'PAGADALA', 'MOHITH', '23091A3286', '$2y$10$b3Q2TwuR9TLdR9V4Wt91fOEjICeCglN8H2mDbcYf/WCp3k0d71wom', '8', '14', '2026-01-08'),
(561, 'PUDURU MEGHANA', 'REDDY', '23091A3285', '$2y$10$/ypIl5mfYj7mfb92FzxoreDoqEZFPfB7e3JHCX7KeaJK26wW9vM96', '8', '14', '2026-01-08'),
(560, 'DONTHIREDDY MEGHANA', 'REDDY', '23091A3284', '$2y$10$XSxrEy.gl7heYUMlKxbUve8yZHxfA4PN1m4QN2e0YMc5r92sZuMBW', '8', '14', '2026-01-08'),
(558, 'THOTTETI', 'MANJUNATH', '23091A3282', '$2y$10$0rdE720jBPKIOOmpcBYvOelMNBwvK5faXxjF.6HugcfA0AgWXgZF2', '8', '14', '2026-01-08'),
(559, 'PARNAPALLE', 'MANJUSREE', '23091A3283', '$2y$10$0jNENJsb0rdqdNM4JbfSquH0mwaw6OJq8K60Ml.EjPFiITcJrDw3W', '8', '14', '2026-01-08'),
(557, 'SANKARAPPA MANJULA', 'VANI', '23091A3281', '$2y$10$KPCAFiSRFfRkdNeNU/XaS.CbSDKWmw12Mbn74SuTbG4ZykSk1IqW2', '8', '14', '2026-01-08'),
(556, 'CHERUVUPALLE', 'MANIKANTA', '23091A3280', '$2y$10$FU3.L.OQFgrui6B4Vo0InuNi1yiUvERggdLjAxfRVBmBnJ5mmOTaW', '8', '14', '2026-01-08'),
(555, 'BACHU', 'MANASA', '23091A3279', '$2y$10$miaf6rVVdXENO73.uhxmwudCMm3Pj06g2qgwiZ1lR8X8TwuJRZNXG', '8', '14', '2026-01-08'),
(554, 'RAGIPINDI', 'MAMATHA', '23091A3278', '$2y$10$I2Wt96zv7SIHrMr09aIdRu41nztY0HpVqzZ84wZtKudCwITgy/PA2', '8', '14', '2026-01-08'),
(553, 'KONETI', 'MAHESWARI', '23091A3277', '$2y$10$rnuIcdvHXZgyPb9vMqblI.YThDu.sRib9zPoDmQQMjDTMcKQTa1Ai', '8', '14', '2026-01-08'),
(552, 'MATAM', 'MAHESHWARAIAH', '23091A3276', '$2y$10$hCpEXWrOZZ0HZ0eAa8Vg6exz3oQWKDrzBUzMD4clWPdVYjX6wCRD.', '8', '14', '2026-01-08'),
(551, 'MARUPALLI MAHESH', 'BABU', '23091A3275', '$2y$10$kjMnT6Xzm5cDa9VBWfPYmu8oIt/yaiiQ43IPzSVgP6U824bAbkG9a', '8', '14', '2026-01-08'),
(550, 'KONGA', 'MAHENDRA', '23091A3274', '$2y$10$y/SfVQ84Su.pL.2bfTV25OGZ65iX9LpgE9olW3a/dznVR22nFx/0y', '8', '14', '2026-01-08'),
(549, 'GUDDAM', 'MAHALAKSHMI', '23091A3273', '$2y$10$GNRJYCK3NMsiGYj2VxoZauvxJ6N0fmwnQ2dpsPYLEb0gmF7aD.G0e', '8', '14', '2026-01-08'),
(547, 'THATHIREDDY', 'LIKHITHA', '23091A3270', '$2y$10$UeJZc28IBEZRHIsw3eeEfuzGc4aPVBEQgv2wY2WL2HthCRQMnHhY6', '8', '13', '2026-01-08'),
(548, 'MINAKANTI', 'MABUCHAN', '23091A3271', '$2y$10$XEQmTpKydsizNMZCd8xkqe8jHP8W1O009ytLFotZzdxvL3EFzTixW', '8', '13', '2026-01-08'),
(546, 'GEEDA', 'LIKHITHA', '23091A3269', '$2y$10$ZbM1rB/nLhJKm/Ocklhuh.D9tkrFAdgX2O95N9fgz7rvX4svK6PBe', '8', '13', '2026-01-08'),
(545, 'PALLAPU', 'LAXMIKANTH', '23091A3268', '$2y$10$Sp9Rb6Xc0DqtJYMsiPqOk.crbNTk3KXjTbeFSKbMuY4bqxaObkm6u', '8', '13', '2026-01-08'),
(544, 'BOREDDY LAXMI', 'LASHYA', '23091A3267', '$2y$10$ZHhxmaEqO5VVp6OIf03IGu.Xu5cp9LuJqnwUIQEq882vtDhmD2IAm', '8', '13', '2026-01-08'),
(543, 'AVULA', 'LAVANYA', '23091A3266', '$2y$10$aNt0wPtauV4/Eo316p8VvuP64mTtK9GsKHKb4QG4O95RiAggaKgyO', '8', '13', '2026-01-08'),
(542, 'MALLEPOGU', 'LAKSHMIDEVI', '23091A3265', '$2y$10$3cWl3OcsplQKFMJOtirUg..lSSX9dVgaLJjAadXmHNFebKDGjlsf.', '8', '13', '2026-01-08'),
(541, 'BAIRAAGANI LAKSHMI', 'SUSMITHA', '23091A3264', '$2y$10$R22xNgyUWbW.CAQ2K89moe61/BOt42ULf7m9yZZi1PCeCIPV3SWUu', '8', '13', '2026-01-08'),
(540, 'PASUPULETI LAKSHMI', 'DEVI', '23091A3263', '$2y$10$2Qv8evGIApAr113qCpV5Te5qSUZtK/DQ4AflwjNPYmHk6B4rd7kpe', '8', '13', '2026-01-08'),
(538, 'ANGA', 'KRUPAKAR', '23091A3261', '$2y$10$lh.eSnSWc6q7hZ0B5i70P.CLFC.t1uH1FlejLlXFCBtTme29gDAxW', '8', '13', '2026-01-08'),
(539, 'MORUSU', 'LAHARI', '23091A3262', '$2y$10$1Hl1utnWpWXnTueQ0d7yT.idgQyTA5Pbkr2TUCa1TrxUsKaGKdGHa', '8', '13', '2026-01-08'),
(537, 'RACHAPALEM KIRANA', 'KEERTHANA', '23091A3260', '$2y$10$qWUOMfDvME0tJmfEBZlHt.9ULzoqOp0FcHxmM0HK8/oZVGHeKN9zW', '8', '13', '2026-01-08'),
(536, 'MACHANOORU', 'KEERTHI', '23091A3259', '$2y$10$iHvI6Rum1/HnaNv8O54ShOsJfyYciPZrlpw26CCqpWSICPvqTcIUW', '8', '13', '2026-01-08'),
(535, 'NEMALI', 'KAVYA', '23091A3257', '$2y$10$DgKaDw.ziTxJG92ZgEQFeuooAriUXpgqEqhV/1tKPcOTqQ2b7fQ2a', '8', '13', '2026-01-08'),
(534, 'KARUPOTHULA', 'KALYANKUMAR', '23091A3256', '$2y$10$9lORMrs65x5kCblUK45i4.axfIaH4eWTdDop3pAgPfDu5K.qO1lbK', '8', '13', '2026-01-08'),
(533, 'KARANAM', 'JYOTHIKA', '23091A3255', '$2y$10$bs7gqA4P4xxItO/xaoY6..KJ/ADKt.dqY960MMkHVHyIybKJEgKI.', '8', '13', '2026-01-08'),
(532, 'MANNE', 'JHANSI', '23091A3254', '$2y$10$CGOJiDsDUgFVgNeapDFuC.v6xOBXsA/l5x/LC6lClbYuz8YpcVLbC', '8', '13', '2026-01-08'),
(530, 'DASAMNENI JAYANTH KUMAR', 'NAIDU', '23091A3252', '$2y$10$wB82./2rL2EMhqwXMffN9OjZDMw6QSRbLy39y8cGL/NVdMyhR0jS6', '8', '13', '2026-01-08'),
(531, 'NAGANDLA JAYASRI', 'SAI', '23091A3253', '$2y$10$2xUJOnJ1zEhzjVJRZknLfOrXYtPF5Q/nky4iVvKBg3HB5L9KP3x.W', '8', '13', '2026-01-08'),
(529, 'JAYANTHI JAYA', 'KRUSHNA', '23091A3251', '$2y$10$iFgtga5fUkr.qShDo7IlKOadnRo0/NU1kiap/A51.voUg2bMDNBea', '8', '13', '2026-01-08'),
(528, 'BANDI', 'JASNAVI', '23091A3250', '$2y$10$jFkiBgFUqZBYouoPqHzFXOXZmbWiJUorZs/RHe2H.aEmHGOfx595y', '8', '13', '2026-01-08'),
(527, 'SHAIK MOHAMMAD', 'IMTHIYAZ', '23091A3249', '$2y$10$aQKFqVZTcAK/n3WcgB.hT.93Gdt3p6qORYZd5Zbjv7lozZEWCUhmy', '8', '13', '2026-01-08'),
(526, 'BHUPATHI', 'HRUDAY', '23091A3248', '$2y$10$5isWqr.TVw4bzTm77cFVr.iBMJzQjkwqfOKqhEH5CQsQ8yYLediie', '8', '13', '2026-01-08'),
(525, 'PENDLI', 'HIMAVANTH', '23091A3247', '$2y$10$YLqYkKMMv3t6KLFsaVhea.c3.CHReMIRLZJYZsJvPygXoSOw8nnee', '8', '13', '2026-01-08'),
(523, 'DALAVAI', 'HEMANTH', '23091A3245', '$2y$10$GcSzNSwj2ldf3hzmG54tuOmb8HUhDa60GfAQ8yypb/4Y/SSy2wHTe', '8', '13', '2026-01-08'),
(524, 'SUNKARA HEMANTH', 'ROYAL', '23091A3246', '$2y$10$FEfZ.ntrcfbx6kfrKynkGOj6.jXqvTmKmh15dg1z3DcTs2IgYSyp6', '8', '13', '2026-01-08'),
(522, 'PUJARI', 'HEMALATHA', '23091A3244', '$2y$10$nKYXIIW.XsXsNNmIEzI1BerCkOTUaxBFC2/e9H1YkefvE7eoMyvi6', '8', '13', '2026-01-08'),
(521, 'KURAKULA', 'HARSHITHA', '23091A3243', '$2y$10$8i32al79qbmbeNEeDVw/euJqakm2UE7d8kf9bB2awYKO0vzhCaES2', '8', '13', '2026-01-08'),
(520, 'PUNYAMURTHY', 'HARSHAVARDHAN', '23091A3242', '$2y$10$biyPUWgMiR1gAr/Ygf3g9e6j8ormgaKpC0sLNs9pKPjGM0rnkhfxq', '8', '13', '2026-01-08'),
(519, 'CHINTHAKAYALA HARSHA', 'VARDHAN', '23091A3241', '$2y$10$niQ3e9LbzoJMPQgYzk7OUe8bM91qct.UK/gFtX9oKzaSWReM9aK0i', '8', '13', '2026-01-08'),
(518, 'BANDI HARISH KUMAR', 'REDDY', '23091A3240', '$2y$10$PMfnCRu2whgrkqZag.Hjq.0NcDQd9QoL2oER6zaDxufBwDsqMNjCa', '8', '13', '2026-01-08'),
(517, 'BENUPATI', 'HARINI', '23091A3239', '$2y$10$1ENIQLecdmwdUX6iY53FLu/jj98EVDXq8fp15efGHQtvL8bFjeBau', '8', '13', '2026-01-08'),
(516, 'MODIGARI HARI', 'KIRAN', '23091A3238', '$2y$10$91.Z8K.yOAPZmW7pmvehBef3wX3ybz8rWngO6fNIt2CGo5duxNI2W', '8', '13', '2026-01-08'),
(515, 'GUNURATHI', 'KALANVITHA', '23091A3237', '$2y$10$0L3q2nwmStvkohpKOf6In.nWuPjkXX9xVjBsoqp7.ixHA2c7J8tjm', '8', '13', '2026-01-08'),
(514, 'MYDHUGOLAM JOHN GOWTHAM', 'HARSHA', '23091A3236', '$2y$10$RSF7TNLSDGpRAK9dG1m1vOmXMlsL9deSS9sFec8tDx1xYvzllK0cm', '8', '13', '2026-01-08'),
(513, 'EDIGA GIRI NAGESH', 'GOUD', '23091A3235', '$2y$10$MC0X2wZ3oMq1QO3lM87VMeqDa9RRbaH5QjPGpJ1SsctnhHz1SrSX.', '8', '13', '2026-01-08'),
(512, 'THALLAPAKA', 'GAYATHRI', '23091A3234', '$2y$10$eTkPxIRsKOaRZ0wbqz/Umeum0INH8ei2otih2k2BmY/r/M79xSYxe', '8', '13', '2026-01-08'),
(511, 'RAMIREDDY GANGA SAI KUMAR', 'REDDY', '23091A3233', '$2y$10$Jz85FABGzqbqtOm0wWjzBei0A/KaTQgOMS9qKB93AbUOUFTW77Tta', '8', '13', '2026-01-08'),
(510, 'MOHAMMAD FAUZAAN', 'AHAMED', '23091A3232', '$2y$10$YAPf3azCxcOeTn3tgZ5Fl.CwW7TqI.782YLqeMDBR6aauUpNfNtwy', '8', '13', '2026-01-08'),
(509, 'MULLA FARIDHA', 'BANU', '23091A3231', '$2y$10$ZkuSEjHPBEjPIrPMS/WHWeEoum3Gl1IBT1orYDuUjpyjo2DjJgX9u', '8', '13', '2026-01-08'),
(508, 'MUVVA ESWAR SAI', 'SANTHOSH', '23091A3230', '$2y$10$bMA92LCP6pJFYFVBWzTitO4qtRNBwCGAZO7F7mi6w3Har.OZdb/cu', '8', '13', '2026-01-08'),
(507, 'GOLLAPALLI', 'DIVYA', '23091A3229', '$2y$10$YNrfwmDAdhf.NtINPQs.pe1KD2zvIEKjWb9u/3KK4FPA3kJbOIZee', '8', '13', '2026-01-08'),
(506, 'KUMMARI', 'DINESH', '23091A3228', '$2y$10$KYTFzvn9cO7nRr0jULLKweL7w9sKl.jFa.Nrsm1z.TMADERFNmvdK', '8', '13', '2026-01-08'),
(505, 'PATHIPATI DINESH', 'KUMAR', '23091A3227', '$2y$10$7aOcgMHvqBcWF0MSzNdPYOXIJNwZSP9UuGj.RPlOZP9N.JPus5bRC', '8', '13', '2026-01-08'),
(504, 'MEDA DHRUVA', 'TEJA', '23091A3226', '$2y$10$D4bFJMPdKpcIrss..D1W8uuWzHYzMUutny.JF4sATfQhUZXjUwKwO', '8', '13', '2026-01-08'),
(503, 'BASIREDDYGARI', 'CHETHURVI', '23091A3225', '$2y$10$5QFfsJxcDkdSH13BzN8cue1gYwnJ.e/opEfckbTm1pbPxPdcRoTci', '8', '13', '2026-01-08'),
(502, 'BAKA CHETAN', 'SAI', '23091A3224', '$2y$10$kK7Q/NuBP.J43oz/h9lWruQpVFPMbBzhTnQHxIzrfz5dd04RNPETa', '8', '13', '2026-01-08'),
(501, 'GEMTEM', 'CHARAN', '23091A3223', '$2y$10$uzZfP45BH3u9lREPFGuBOuprju/OCs1E4yIjgrN4hfMime8kBKHe6', '8', '13', '2026-01-08'),
(500, 'MALLANGI', 'BHAVITHA', '23091A3222', '$2y$10$vjrVd8ZC0n5r8zAnHaxP3uqfeOVsf7/g/1c7/I2x33/n0Ex7/OdTm', '8', '13', '2026-01-08'),
(499, 'BATTI', 'BAVESH', '23091A3221', '$2y$10$LdRM3qUZp8jW1jjA0eVFNeIqZmvEIovyIGhhjfmNvQnS1tUnhcUc.', '8', '13', '2026-01-08'),
(498, 'YAPARLA', 'BHARGAVI', '23091A3220', '$2y$10$Gn/.XxCiPD6XOYnU1a9q9.XFbHSDn5ewKQEwzI7DMqZbKE82hhdRm', '8', '13', '2026-01-08'),
(497, 'MADHASU BHARATH', 'CHAND', '23091A3219', '$2y$10$vuvLSTZcgdI2LQDKMzlQZObIw01a2XusdolxxjQt1oen0bjKSVDRi', '8', '13', '2026-01-08'),
(496, 'GOLLA BHARATH', 'YADAV', '23091A3218', '$2y$10$ySobQNHjis/u4oo5it.jperV20uEw9SUZ2y3dvsu2OQHrD9gvs586', '8', '13', '2026-01-08'),
(495, 'VALLEPU', 'BALAJI', '23091A3217', '$2y$10$UbJ19BNfyr286rKv7.RMWelFf9Yc7lXiZcKeMlTr23vGy4HDCSJie', '8', '13', '2026-01-08'),
(494, 'GAGGUTURU', 'AYESHA', '23091A3216', '$2y$10$mNdPcqV11ju1VVR5cb2LROm68FnzgnCcj6NR7lttr3mgdGrGjsFcq', '8', '13', '2026-01-08'),
(493, 'KOLLAM', 'ASHOK', '23091A3215', '$2y$10$.nyM/SMoq4DGYp79hKiRr.F8FjO.z8stitp0Al08wRDp1kQWQYUvW', '8', '13', '2026-01-08'),
(492, 'R', 'ARUN', '23091A3214', '$2y$10$tWbtDzde5/bHih11DyoWducuLsOqZuE/teuclBpvdBIp74WT04BdG', '8', '13', '2026-01-08'),
(491, 'MOLLA', 'ARIF', '23091A3213', '$2y$10$YvZLlHxI4xy8UC/27F8sHesEthdGvCAZCguehtViYgELAZD7DXVY6', '8', '13', '2026-01-08'),
(490, 'SHAIK ARBAS', 'HUSSAIN', '23091A3212', '$2y$10$OCcrBALesKjwC7/tdX9Nhunl61fU1yTg.qT1y.VRswvzjnpU0QBku', '8', '13', '2026-01-08'),
(489, 'DADIREDDY', 'ANVITHA', '23091A3211', '$2y$10$Tg1QDeUPUFtadOFLMZHQCOGRxuLClgeByTai.vsBLVaaYVS/4ZVwy', '8', '13', '2026-01-08'),
(488, 'MAHAMMAD', 'ANSAR', '23091A3210', '$2y$10$FBP11ZMrJBFzuj7ZIB2i.O1w0tzTWMIfjO.LdN3Z8nsgBfAbN6zua', '8', '13', '2026-01-08'),
(487, 'KONDREDDY', 'AMRUTHA', '23091A3208', '$2y$10$YFQ0UIp2wUfmriYE5LYrkOM1mOUm2AAdZlA2zZy6tos2hhcrV0aei', '8', '13', '2026-01-08'),
(486, 'BAIREDDY AMARNATH', 'REDDY', '23091A3207', '$2y$10$H8ZwghMcBJ.mySwkXiuXuuAQUHg6ozgOpavSJAa1Nawe2lpoujy.O', '8', '13', '2026-01-08'),
(485, 'MADDUGARI', 'AJITESH', '23091A3206', '$2y$10$nVVlmC7lKjB3aGacfBcjM.ja.2kll/u61HtBI2NxqyrELtWVeDFum', '8', '13', '2026-01-08'),
(484, 'PANDITI', 'AJAY', '23091A3205', '$2y$10$OzNYo3ldwd5FoPuNRxjdhOASrj3yZgn0BOkp4A8SifANBNRGlLzXm', '8', '13', '2026-01-08'),
(483, 'CHAKALI AJAY', 'KUMAR', '23091A3204', '$2y$10$sZ0oLuZrgY31wOJhLzGFfu4xfXCBzabEhtZQl6qh//l1/L/Q/9npy', '8', '13', '2026-01-08'),
(482, 'DUDEKULA', 'AFRID', '23091A3203', '$2y$10$M/Gxb8XruuBzpmEoXEFXLuw4t9cBInu5Zj0CCRE5qb1gkGuMG0jgi', '8', '13', '2026-01-08'),
(481, 'AFREEN', 'SHAIK', '23091A3202', '$2y$10$zLpVxaJ9vgSaQ9aY7GlphujNebm7LTUAF9KGboqhZX06e.FKp8agi', '8', '13', '2026-01-08'),
(480, 'ARADESI', 'ABHIRAM', '23091A3201', '$2y$10$H3LTFDCk.1xOiAnxY.BoSO0X0vhsqjL1X1frajHm40rsw8iIVpw3W', '8', '13', '2026-01-08'),
(479, 'DORASI MAHAMMAD', 'RAFI', '22091A3280', '$2y$10$.Q0M/DaYwHx.fR2OCOKXJOTj5wDzgCODMeIZqqp4ffx4a.t7X6vJ2', '8', '13', '2026-01-08');

-- --------------------------------------------------------

--
-- Table structure for table `tblstudent_teacher`
--

CREATE TABLE `tblstudent_teacher` (
  `Id` int(11) NOT NULL,
  `studentId` int(11) NOT NULL,
  `teacherId` int(11) NOT NULL,
  `subjectId` int(11) NOT NULL
) ENGINE=InnoDB DEFAULT CHARSET=utf8mb4 COLLATE=utf8mb4_general_ci;

--
-- Dumping data for table `tblstudent_teacher`
--

INSERT INTO `tblstudent_teacher` (`Id`, `studentId`, `teacherId`, `subjectId`) VALUES
(2237, 479, 74, 30),
(2238, 479, 67, 27),
(2239, 479, 70, 28),
(2240, 479, 62, 26),
(2241, 479, 71, 29),
(2242, 479, 78, 33),
(2243, 480, 66, 27),
(2244, 480, 69, 28),
(2245, 480, 64, 26),
(2246, 480, 73, 29),
(2247, 480, 76, 32),
(2248, 480, 78, 33),
(2249, 481, 74, 30),
(2250, 481, 65, 27),
(2251, 481, 69, 28),
(2252, 481, 62, 26),
(2253, 481, 72, 29),
(2254, 481, 78, 33),
(2255, 482, 75, 31),
(2256, 482, 65, 27),
(2257, 482, 70, 28),
(2258, 482, 63, 26),
(2259, 482, 71, 29),
(2260, 482, 78, 33),
(2261, 483, 75, 31),
(2262, 483, 67, 27),
(2263, 483, 70, 28),
(2264, 483, 63, 26),
(2265, 483, 72, 29),
(2266, 483, 78, 33),
(2267, 484, 74, 30),
(2268, 484, 65, 27),
(2269, 484, 69, 28),
(2270, 484, 62, 26),
(2271, 484, 73, 29),
(2272, 484, 78, 33),
(2273, 485, 74, 30),
(2274, 485, 67, 27),
(2275, 485, 70, 28),
(2276, 485, 62, 26),
(2277, 485, 72, 29),
(2278, 485, 78, 33),
(2279, 486, 74, 30),
(2280, 486, 65, 27),
(2281, 486, 70, 28),
(2282, 486, 62, 26),
(2283, 486, 71, 29),
(2284, 486, 78, 33),
(2285, 487, 66, 27),
(2286, 487, 69, 28),
(2287, 487, 63, 26),
(2288, 487, 73, 29),
(2289, 487, 76, 32),
(2290, 487, 78, 33),
(2291, 488, 74, 30),
(2292, 488, 67, 27),
(2293, 488, 70, 28),
(2294, 488, 62, 26),
(2295, 488, 71, 29),
(2296, 488, 78, 33),
(2297, 489, 75, 31),
(2298, 489, 65, 27),
(2299, 489, 70, 28),
(2300, 489, 63, 26),
(2301, 489, 71, 29),
(2302, 489, 78, 33),
(2303, 490, 74, 30),
(2304, 490, 66, 27),
(2305, 490, 69, 28),
(2306, 490, 62, 26),
(2307, 490, 73, 29),
(2308, 490, 78, 33),
(2309, 491, 66, 27),
(2310, 491, 69, 28),
(2311, 491, 64, 26),
(2312, 491, 73, 29),
(2313, 491, 76, 32),
(2314, 491, 78, 33),
(2315, 492, 74, 30),
(2316, 492, 67, 27),
(2317, 492, 69, 28),
(2318, 492, 64, 26),
(2319, 492, 71, 29),
(2320, 492, 78, 33),
(2321, 493, 74, 30),
(2322, 493, 66, 27),
(2323, 493, 68, 28),
(2324, 493, 62, 26),
(2325, 493, 71, 29),
(2326, 493, 78, 33),
(2327, 494, 75, 31),
(2328, 494, 67, 27),
(2329, 494, 70, 28),
(2330, 494, 63, 26),
(2331, 494, 72, 29),
(2332, 494, 78, 33),
(2333, 495, 74, 30),
(2334, 495, 65, 27),
(2335, 495, 70, 28),
(2336, 495, 62, 26),
(2337, 495, 71, 29),
(2338, 495, 78, 33),
(2339, 496, 75, 31),
(2340, 496, 65, 27),
(2341, 496, 70, 28),
(2342, 496, 62, 26),
(2343, 496, 71, 29),
(2344, 496, 78, 33),
(2345, 497, 75, 31),
(2346, 497, 65, 27),
(2347, 497, 70, 28),
(2348, 497, 64, 26),
(2349, 497, 73, 29),
(2350, 497, 78, 33),
(2351, 498, 66, 27),
(2352, 498, 69, 28),
(2353, 498, 62, 26),
(2354, 498, 73, 29),
(2355, 498, 76, 32),
(2356, 498, 78, 33),
(2357, 499, 66, 27),
(2358, 499, 69, 28),
(2359, 499, 64, 26),
(2360, 499, 73, 29),
(2361, 499, 76, 32),
(2362, 499, 78, 33),
(2363, 500, 66, 27),
(2364, 500, 69, 28),
(2365, 500, 63, 26),
(2366, 500, 73, 29),
(2367, 500, 76, 32),
(2368, 500, 78, 33),
(2369, 501, 74, 30),
(2370, 501, 65, 27),
(2371, 501, 68, 28),
(2372, 501, 62, 26),
(2373, 501, 71, 29),
(2374, 501, 78, 33),
(2375, 502, 74, 30),
(2376, 502, 67, 27),
(2377, 502, 70, 28),
(2378, 502, 62, 26),
(2379, 502, 72, 29),
(2380, 502, 78, 33),
(2381, 503, 75, 31),
(2382, 503, 67, 27),
(2383, 503, 70, 28),
(2384, 503, 63, 26),
(2385, 503, 72, 29),
(2386, 503, 78, 33),
(2387, 504, 74, 30),
(2388, 504, 67, 27),
(2389, 504, 68, 28),
(2390, 504, 62, 26),
(2391, 504, 71, 29),
(2392, 504, 78, 33),
(2393, 505, 74, 30),
(2394, 505, 66, 27),
(2395, 505, 69, 28),
(2396, 505, 64, 26),
(2397, 505, 73, 29),
(2398, 505, 78, 33),
(2399, 506, 65, 27),
(2400, 506, 68, 28),
(2401, 506, 62, 26),
(2402, 506, 71, 29),
(2403, 506, 76, 32),
(2404, 506, 78, 33),
(2405, 507, 75, 31),
(2406, 507, 67, 27),
(2407, 507, 70, 28),
(2408, 507, 63, 26),
(2409, 507, 72, 29),
(2410, 507, 78, 33),
(2411, 508, 66, 27),
(2412, 508, 69, 28),
(2413, 508, 62, 26),
(2414, 508, 73, 29),
(2415, 508, 76, 32),
(2416, 508, 78, 33),
(2417, 509, 74, 30),
(2418, 509, 67, 27),
(2419, 509, 70, 28),
(2420, 509, 62, 26),
(2421, 509, 71, 29),
(2422, 509, 78, 33),
(2423, 510, 66, 27),
(2424, 510, 68, 28),
(2425, 510, 62, 26),
(2426, 510, 73, 29),
(2427, 510, 76, 32),
(2428, 510, 78, 33),
(2429, 511, 67, 27),
(2430, 511, 69, 28),
(2431, 511, 62, 26),
(2432, 511, 73, 29),
(2433, 511, 76, 32),
(2434, 511, 78, 33),
(2435, 512, 74, 30),
(2436, 512, 67, 27),
(2437, 512, 70, 28),
(2438, 512, 63, 26),
(2439, 512, 72, 29),
(2440, 512, 78, 33),
(2441, 513, 74, 30),
(2442, 513, 67, 27),
(2443, 513, 70, 28),
(2444, 513, 62, 26),
(2445, 513, 71, 29),
(2446, 513, 78, 33),
(2447, 514, 66, 27),
(2448, 514, 69, 28),
(2449, 514, 64, 26),
(2450, 514, 73, 29),
(2451, 514, 76, 32),
(2452, 514, 78, 33),
(2453, 515, 75, 31),
(2454, 515, 65, 27),
(2455, 515, 70, 28),
(2456, 515, 63, 26),
(2457, 515, 71, 29),
(2458, 515, 78, 33),
(2459, 516, 74, 30),
(2460, 516, 66, 27),
(2461, 516, 68, 28),
(2462, 516, 64, 26),
(2463, 516, 71, 29),
(2464, 516, 78, 33),
(2465, 517, 75, 31),
(2466, 517, 67, 27),
(2467, 517, 70, 28),
(2468, 517, 64, 26),
(2469, 517, 72, 29),
(2470, 517, 78, 33),
(2471, 518, 75, 31),
(2472, 518, 67, 27),
(2473, 518, 70, 28),
(2474, 518, 63, 26),
(2475, 518, 71, 29),
(2476, 518, 78, 33),
(2477, 519, 74, 30),
(2478, 519, 65, 27),
(2479, 519, 69, 28),
(2480, 519, 64, 26),
(2481, 519, 73, 29),
(2482, 519, 78, 33),
(2483, 520, 74, 30),
(2484, 520, 65, 27),
(2485, 520, 68, 28),
(2486, 520, 62, 26),
(2487, 520, 72, 29),
(2488, 520, 78, 33),
(2489, 521, 75, 31),
(2490, 521, 65, 27),
(2491, 521, 69, 28),
(2492, 521, 64, 26),
(2493, 521, 71, 29),
(2494, 521, 78, 33),
(2495, 522, 75, 31),
(2496, 522, 65, 27),
(2497, 522, 69, 28),
(2498, 522, 63, 26),
(2499, 522, 71, 29),
(2500, 522, 78, 33),
(2501, 523, 74, 30),
(2502, 523, 65, 27),
(2503, 523, 70, 28),
(2504, 523, 62, 26),
(2505, 523, 72, 29),
(2506, 523, 78, 33),
(2507, 524, 75, 31),
(2508, 524, 67, 27),
(2509, 524, 70, 28),
(2510, 524, 63, 26),
(2511, 524, 72, 29),
(2512, 524, 78, 33),
(2513, 525, 75, 31),
(2514, 525, 67, 27),
(2515, 525, 70, 28),
(2516, 525, 63, 26),
(2517, 525, 72, 29),
(2518, 525, 78, 33),
(2519, 526, 74, 30),
(2520, 526, 66, 27),
(2521, 526, 69, 28),
(2522, 526, 64, 26),
(2523, 526, 73, 29),
(2524, 526, 78, 33),
(2525, 527, 74, 30),
(2526, 527, 65, 27),
(2527, 527, 68, 28),
(2528, 527, 62, 26),
(2529, 527, 71, 29),
(2530, 527, 78, 33),
(2531, 528, 75, 31),
(2532, 528, 65, 27),
(2533, 528, 68, 28),
(2534, 528, 62, 26),
(2535, 528, 71, 29),
(2536, 528, 78, 33),
(2537, 529, 66, 27),
(2538, 529, 69, 28),
(2539, 529, 64, 26),
(2540, 529, 73, 29),
(2541, 529, 76, 32),
(2542, 529, 78, 33),
(2543, 530, 74, 30),
(2544, 530, 65, 27),
(2545, 530, 68, 28),
(2546, 530, 64, 26),
(2547, 530, 73, 29),
(2548, 530, 78, 33),
(2549, 531, 66, 27),
(2550, 531, 69, 28),
(2551, 531, 64, 26),
(2552, 531, 73, 29),
(2553, 531, 76, 32),
(2554, 531, 78, 33),
(2555, 532, 74, 30),
(2556, 532, 65, 27),
(2557, 532, 70, 28),
(2558, 532, 63, 26),
(2559, 532, 72, 29),
(2560, 532, 78, 33),
(2561, 533, 74, 30),
(2562, 533, 65, 27),
(2563, 533, 70, 28),
(2564, 533, 64, 26),
(2565, 533, 73, 29),
(2566, 533, 78, 33),
(2567, 534, 74, 30),
(2568, 534, 67, 27),
(2569, 534, 68, 28),
(2570, 534, 62, 26),
(2571, 534, 72, 29),
(2572, 534, 78, 33),
(2573, 535, 66, 27),
(2574, 535, 69, 28),
(2575, 535, 63, 26),
(2576, 535, 73, 29),
(2577, 535, 76, 32),
(2578, 535, 78, 33),
(2579, 536, 66, 27),
(2580, 536, 69, 28),
(2581, 536, 64, 26),
(2582, 536, 73, 29),
(2583, 536, 76, 32),
(2584, 536, 78, 33),
(2585, 537, 75, 31),
(2586, 537, 67, 27),
(2587, 537, 70, 28),
(2588, 537, 63, 26),
(2589, 537, 71, 29),
(2590, 537, 78, 33),
(2591, 538, 75, 31),
(2592, 538, 67, 27),
(2593, 538, 68, 28),
(2594, 538, 64, 26),
(2595, 538, 71, 29),
(2596, 538, 78, 33),
(2597, 539, 75, 31),
(2598, 539, 67, 27),
(2599, 539, 68, 28),
(2600, 539, 63, 26),
(2601, 539, 72, 29),
(2602, 539, 78, 33),
(2603, 540, 75, 31),
(2604, 540, 67, 27),
(2605, 540, 69, 28),
(2606, 540, 63, 26),
(2607, 540, 71, 29),
(2608, 540, 78, 33),
(2609, 541, 65, 27),
(2610, 541, 68, 28),
(2611, 541, 64, 26),
(2612, 541, 71, 29),
(2613, 541, 76, 32),
(2614, 541, 78, 33),
(2615, 542, 74, 30),
(2616, 542, 66, 27),
(2617, 542, 68, 28),
(2618, 542, 64, 26),
(2619, 542, 73, 29),
(2620, 542, 78, 33),
(2621, 543, 66, 27),
(2622, 543, 69, 28),
(2623, 543, 64, 26),
(2624, 543, 72, 29),
(2625, 543, 76, 32),
(2626, 543, 78, 33),
(2627, 544, 66, 27),
(2628, 544, 69, 28),
(2629, 544, 64, 26),
(2630, 544, 71, 29),
(2631, 544, 76, 32),
(2632, 544, 78, 33),
(2633, 545, 74, 30),
(2634, 545, 65, 27),
(2635, 545, 68, 28),
(2636, 545, 64, 26),
(2637, 545, 71, 29),
(2638, 545, 78, 33),
(2639, 546, 75, 31),
(2640, 546, 67, 27),
(2641, 546, 68, 28),
(2642, 546, 63, 26),
(2643, 546, 71, 29),
(2644, 546, 78, 33),
(2645, 547, 74, 30),
(2646, 547, 65, 27),
(2647, 547, 70, 28),
(2648, 547, 62, 26),
(2649, 547, 72, 29),
(2650, 547, 78, 33),
(2651, 548, 75, 31),
(2652, 548, 67, 27),
(2653, 548, 70, 28),
(2654, 548, 63, 26),
(2655, 548, 72, 29),
(2656, 548, 78, 33),
(2657, 549, 74, 30),
(2658, 549, 65, 27),
(2659, 549, 68, 28),
(2660, 549, 62, 26),
(2661, 549, 72, 29),
(2662, 550, 65, 27),
(2663, 550, 68, 28),
(2664, 550, 64, 26),
(2665, 550, 72, 29),
(2666, 550, 76, 32),
(2667, 551, 75, 31),
(2668, 551, 65, 27),
(2669, 551, 70, 28),
(2670, 551, 62, 26),
(2671, 551, 71, 29),
(2672, 552, 75, 31),
(2673, 552, 67, 27),
(2674, 552, 70, 28),
(2675, 552, 63, 26),
(2676, 552, 72, 29),
(2677, 553, 75, 31),
(2678, 553, 67, 27),
(2679, 553, 70, 28),
(2680, 553, 63, 26),
(2681, 553, 72, 29),
(2682, 554, 75, 31),
(2683, 554, 67, 27),
(2684, 554, 70, 28),
(2685, 554, 63, 26),
(2686, 554, 71, 29),
(2687, 555, 75, 31),
(2688, 555, 65, 27),
(2689, 555, 68, 28),
(2690, 555, 62, 26),
(2691, 555, 72, 29),
(2692, 556, 66, 27),
(2693, 556, 68, 28),
(2694, 556, 64, 26),
(2695, 556, 73, 29),
(2696, 556, 76, 32),
(2697, 557, 75, 31),
(2698, 557, 67, 27),
(2699, 557, 70, 28),
(2700, 557, 63, 26),
(2701, 557, 72, 29),
(2702, 558, 66, 27),
(2703, 558, 69, 28),
(2704, 558, 62, 26),
(2705, 558, 73, 29),
(2706, 558, 76, 32),
(2707, 559, 75, 31),
(2708, 559, 67, 27),
(2709, 559, 70, 28),
(2710, 559, 63, 26),
(2711, 559, 71, 29),
(2712, 560, 75, 31),
(2713, 560, 67, 27),
(2714, 560, 70, 28),
(2715, 560, 63, 26),
(2716, 560, 72, 29),
(2717, 561, 74, 30),
(2718, 561, 65, 27),
(2719, 561, 69, 28),
(2720, 561, 62, 26),
(2721, 561, 72, 29),
(2722, 562, 66, 27),
(2723, 562, 69, 28),
(2724, 562, 64, 26),
(2725, 562, 73, 29),
(2726, 562, 76, 32),
(2727, 563, 74, 30),
(2728, 563, 65, 27),
(2729, 563, 70, 28),
(2730, 563, 62, 26),
(2731, 563, 72, 29),
(2732, 564, 74, 30),
(2733, 564, 65, 27),
(2734, 564, 70, 28),
(2735, 564, 62, 26),
(2736, 564, 71, 29),
(2737, 565, 75, 31),
(2738, 565, 67, 27),
(2739, 565, 68, 28),
(2740, 565, 62, 26),
(2741, 565, 72, 29),
(2742, 566, 74, 30),
(2743, 566, 65, 27),
(2744, 566, 68, 28),
(2745, 566, 62, 26),
(2746, 566, 71, 29),
(2747, 567, 66, 27),
(2748, 567, 69, 28),
(2749, 567, 64, 26),
(2750, 567, 73, 29),
(2751, 567, 76, 32),
(2752, 568, 66, 27),
(2753, 568, 69, 28),
(2754, 568, 64, 26),
(2755, 568, 73, 29),
(2756, 568, 76, 32),
(2757, 569, 66, 27),
(2758, 569, 69, 28),
(2759, 569, 64, 26),
(2760, 569, 73, 29),
(2761, 569, 76, 32),
(2762, 570, 75, 31),
(2763, 570, 65, 27),
(2764, 570, 70, 28),
(2765, 570, 63, 26),
(2766, 570, 72, 29),
(2767, 571, 66, 27),
(2768, 571, 69, 28),
(2769, 571, 64, 26),
(2770, 571, 73, 29),
(2771, 571, 76, 32),
(2772, 572, 66, 27),
(2773, 572, 69, 28),
(2774, 572, 63, 26),
(2775, 572, 73, 29),
(2776, 572, 76, 32),
(2777, 573, 75, 31),
(2778, 573, 67, 27),
(2779, 573, 70, 28),
(2780, 573, 63, 26),
(2781, 573, 72, 29),
(2782, 574, 74, 30),
(2783, 574, 67, 27),
(2784, 574, 68, 28),
(2785, 574, 64, 26),
(2786, 574, 71, 29),
(2787, 575, 74, 30),
(2788, 575, 65, 27),
(2789, 575, 68, 28),
(2790, 575, 64, 26),
(2791, 575, 72, 29),
(2792, 576, 66, 27),
(2793, 576, 68, 28),
(2794, 576, 62, 26),
(2795, 576, 73, 29),
(2796, 576, 76, 32),
(2797, 577, 74, 30),
(2798, 577, 67, 27),
(2799, 577, 68, 28),
(2800, 577, 63, 26),
(2801, 577, 72, 29),
(2802, 578, 66, 27),
(2803, 578, 69, 28),
(2804, 578, 62, 26),
(2805, 578, 73, 29),
(2806, 578, 76, 32),
(2807, 579, 74, 30),
(2808, 579, 67, 27),
(2809, 579, 68, 28),
(2810, 579, 62, 26),
(2811, 579, 72, 29),
(2812, 580, 74, 30),
(2813, 580, 67, 27),
(2814, 580, 68, 28),
(2815, 580, 63, 26),
(2816, 580, 73, 29),
(2817, 581, 66, 27),
(2818, 581, 68, 28),
(2819, 581, 62, 26),
(2820, 581, 71, 29),
(2821, 581, 76, 32),
(2822, 582, 74, 30),
(2823, 582, 65, 27),
(2824, 582, 68, 28),
(2825, 582, 63, 26),
(2826, 582, 71, 29),
(2827, 583, 74, 30),
(2828, 583, 65, 27),
(2829, 583, 68, 28),
(2830, 583, 62, 26),
(2831, 583, 71, 29),
(2832, 584, 75, 31),
(2833, 584, 67, 27),
(2834, 584, 70, 28),
(2835, 584, 63, 26),
(2836, 584, 72, 29),
(2837, 585, 66, 27),
(2838, 585, 69, 28),
(2839, 585, 64, 26),
(2840, 585, 71, 29),
(2841, 585, 76, 32),
(2842, 586, 66, 27),
(2843, 586, 68, 28),
(2844, 586, 64, 26),
(2845, 586, 73, 29),
(2846, 586, 76, 32),
(2847, 587, 66, 27),
(2848, 587, 69, 28),
(2849, 587, 62, 26),
(2850, 587, 73, 29),
(2851, 587, 76, 32),
(2852, 588, 75, 31),
(2853, 588, 65, 27),
(2854, 588, 70, 28),
(2855, 588, 63, 26),
(2856, 588, 72, 29),
(2857, 589, 66, 27),
(2858, 589, 68, 28),
(2859, 589, 63, 26),
(2860, 589, 73, 29),
(2861, 589, 76, 32),
(2862, 590, 74, 30),
(2863, 590, 65, 27),
(2864, 590, 70, 28),
(2865, 590, 62, 26),
(2866, 590, 71, 29),
(2867, 592, 66, 27),
(2868, 592, 68, 28),
(2869, 592, 64, 26),
(2870, 592, 71, 29),
(2871, 592, 76, 32),
(2872, 593, 66, 27),
(2873, 593, 68, 28),
(2874, 593, 64, 26),
(2875, 593, 71, 29),
(2876, 593, 76, 32),
(2877, 594, 75, 31),
(2878, 594, 67, 27),
(2879, 594, 69, 28),
(2880, 594, 62, 26),
(2881, 594, 73, 29),
(2882, 595, 75, 31),
(2883, 595, 66, 27),
(2884, 595, 69, 28),
(2885, 595, 64, 26),
(2886, 595, 73, 29),
(2887, 596, 74, 30),
(2888, 596, 65, 27),
(2889, 596, 70, 28),
(2890, 596, 63, 26),
(2891, 596, 72, 29),
(2892, 597, 75, 31),
(2893, 597, 66, 27),
(2894, 597, 70, 28),
(2895, 597, 62, 26),
(2896, 597, 72, 29),
(2897, 598, 66, 27),
(2898, 598, 68, 28),
(2899, 598, 62, 26),
(2900, 598, 71, 29),
(2901, 598, 76, 32),
(2902, 599, 75, 31),
(2903, 599, 67, 27),
(2904, 599, 69, 28),
(2905, 599, 63, 26),
(2906, 599, 71, 29),
(2907, 600, 74, 30),
(2908, 600, 67, 27),
(2909, 600, 68, 28),
(2910, 600, 63, 26),
(2911, 600, 72, 29),
(2912, 601, 74, 30),
(2913, 601, 67, 27),
(2914, 601, 68, 28),
(2915, 601, 64, 26),
(2916, 601, 72, 29),
(2917, 602, 75, 31),
(2918, 602, 67, 27),
(2919, 602, 68, 28),
(2920, 602, 63, 26),
(2921, 602, 72, 29),
(2922, 603, 74, 30),
(2923, 603, 65, 27),
(2924, 603, 68, 28),
(2925, 603, 62, 26),
(2926, 603, 72, 29),
(2927, 604, 74, 30),
(2928, 604, 67, 27),
(2929, 604, 68, 28),
(2930, 604, 63, 26),
(2931, 604, 71, 29),
(2932, 605, 74, 30),
(2933, 605, 65, 27),
(2934, 605, 70, 28),
(2935, 605, 62, 26),
(2936, 605, 72, 29),
(2937, 606, 74, 30),
(2938, 606, 66, 27),
(2939, 606, 69, 28),
(2940, 606, 64, 26),
(2941, 606, 73, 29),
(2942, 607, 66, 27),
(2943, 607, 68, 28),
(2944, 607, 64, 26),
(2945, 607, 71, 29),
(2946, 607, 76, 32),
(2947, 608, 65, 27),
(2948, 608, 68, 28),
(2949, 608, 64, 26),
(2950, 608, 72, 29),
(2951, 608, 76, 32),
(2952, 609, 65, 27),
(2953, 609, 69, 28),
(2954, 609, 62, 26),
(2955, 609, 72, 29),
(2956, 609, 76, 32),
(2957, 610, 75, 31),
(2958, 610, 67, 27),
(2959, 610, 70, 28),
(2960, 610, 63, 26),
(2961, 610, 72, 29),
(2962, 611, 74, 30),
(2963, 611, 66, 27),
(2964, 611, 69, 28),
(2965, 611, 62, 26),
(2966, 611, 73, 29),
(2967, 612, 66, 27),
(2968, 612, 69, 28),
(2969, 612, 62, 26),
(2970, 612, 73, 29),
(2971, 612, 76, 32),
(2972, 613, 74, 30),
(2973, 613, 65, 27),
(2974, 613, 68, 28),
(2975, 613, 62, 26),
(2976, 613, 72, 29),
(2977, 614, 75, 31),
(2978, 614, 67, 27),
(2979, 614, 70, 28),
(2980, 614, 63, 26),
(2981, 614, 71, 29),
(2982, 615, 66, 27),
(2983, 615, 68, 28),
(2984, 615, 64, 26),
(2985, 615, 72, 29),
(2986, 615, 76, 32),
(2987, 616, 75, 31),
(2988, 616, 65, 27),
(2989, 616, 69, 28),
(2990, 616, 63, 26),
(2991, 616, 72, 29),
(2992, 617, 66, 27),
(2993, 617, 69, 28),
(2994, 617, 64, 26),
(2995, 617, 73, 29),
(2996, 617, 76, 32),
(2997, 618, 75, 31),
(2998, 618, 65, 27),
(2999, 618, 69, 28),
(3000, 618, 63, 26),
(3001, 618, 72, 29),
(3002, 619, 75, 31),
(3003, 619, 67, 27),
(3004, 619, 70, 28),
(3005, 619, 63, 26),
(3006, 619, 72, 29),
(3007, 620, 65, 27),
(3008, 620, 68, 28),
(3009, 620, 64, 26),
(3010, 620, 72, 29),
(3011, 620, 76, 32),
(3012, 621, 66, 27),
(3013, 621, 69, 28),
(3014, 621, 64, 26),
(3015, 621, 73, 29),
(3016, 621, 76, 32),
(3017, 622, 66, 27),
(3018, 622, 69, 28),
(3019, 622, 63, 26),
(3020, 622, 73, 29),
(3021, 622, 76, 32),
(3022, 623, 75, 31),
(3023, 623, 67, 27),
(3024, 623, 70, 28),
(3025, 623, 63, 26),
(3026, 623, 72, 29),
(3027, 624, 75, 31),
(3028, 624, 67, 27),
(3029, 624, 68, 28),
(3030, 624, 64, 26),
(3031, 624, 73, 29),
(3032, 625, 75, 31),
(3033, 625, 67, 27),
(3034, 625, 68, 28),
(3035, 625, 63, 26),
(3036, 625, 71, 29),
(3037, 626, 74, 30),
(3038, 626, 66, 27),
(3039, 626, 70, 28),
(3040, 626, 63, 26),
(3041, 626, 73, 29),
(3042, 627, 74, 30),
(3043, 627, 65, 27),
(3044, 627, 68, 28),
(3045, 627, 63, 26),
(3046, 627, 71, 29),
(3047, 628, 75, 31),
(3048, 628, 65, 27),
(3049, 628, 69, 28),
(3050, 628, 63, 26),
(3051, 628, 72, 29),
(3052, 629, 74, 30),
(3053, 629, 65, 27),
(3054, 629, 68, 28),
(3055, 629, 63, 26),
(3056, 629, 72, 29),
(3057, 630, 74, 30),
(3058, 630, 67, 27),
(3059, 630, 68, 28),
(3060, 630, 62, 26),
(3061, 630, 71, 29),
(3062, 631, 75, 31),
(3063, 631, 65, 27),
(3064, 631, 68, 28),
(3065, 631, 63, 26),
(3066, 631, 71, 29),
(3067, 632, 74, 30),
(3068, 632, 67, 27),
(3069, 632, 70, 28),
(3070, 632, 63, 26),
(3071, 632, 71, 29),
(3072, 633, 66, 27),
(3073, 633, 69, 28),
(3074, 633, 64, 26),
(3075, 633, 73, 29),
(3076, 633, 76, 32),
(3077, 634, 66, 27),
(3078, 634, 69, 28),
(3079, 634, 64, 26),
(3080, 634, 73, 29),
(3081, 634, 76, 32),
(3082, 635, 75, 31),
(3083, 635, 65, 27),
(3084, 635, 70, 28),
(3085, 635, 63, 26),
(3086, 635, 71, 29),
(3087, 636, 75, 31),
(3088, 636, 65, 27),
(3089, 636, 68, 28),
(3090, 636, 62, 26),
(3091, 636, 72, 29),
(3092, 637, 75, 31),
(3093, 637, 65, 27),
(3094, 637, 70, 28),
(3095, 637, 63, 26),
(3096, 637, 71, 29),
(3097, 638, 65, 27),
(3098, 638, 69, 28),
(3099, 638, 64, 26),
(3100, 638, 71, 29),
(3101, 638, 76, 32),
(3102, 639, 75, 31),
(3103, 639, 67, 27),
(3104, 639, 68, 28),
(3105, 639, 63, 26),
(3106, 639, 71, 29),
(3107, 640, 74, 30),
(3108, 640, 67, 27),
(3109, 640, 68, 28),
(3110, 640, 62, 26),
(3111, 640, 72, 29),
(3112, 641, 75, 31),
(3113, 641, 67, 27),
(3114, 641, 70, 28),
(3115, 641, 64, 26),
(3116, 641, 73, 29),
(3117, 642, 67, 27),
(3118, 642, 70, 28),
(3119, 642, 64, 26),
(3120, 642, 72, 29),
(3121, 642, 76, 32),
(3122, 643, 74, 30),
(3123, 643, 65, 27),
(3124, 643, 68, 28),
(3125, 643, 64, 26),
(3126, 643, 73, 29),
(3127, 644, 67, 27),
(3128, 644, 69, 28),
(3129, 644, 62, 26),
(3130, 644, 71, 29),
(3131, 644, 76, 32),
(3132, 645, 75, 31),
(3133, 645, 67, 27),
(3134, 645, 70, 28),
(3135, 645, 64, 26),
(3136, 645, 73, 29),
(3137, 646, 74, 30),
(3138, 646, 67, 27),
(3139, 646, 70, 28),
(3140, 646, 62, 26),
(3141, 646, 72, 29),
(3142, 647, 75, 31),
(3143, 647, 67, 27),
(3144, 647, 70, 28),
(3145, 647, 63, 26),
(3146, 647, 72, 29),
(3147, 648, 65, 27),
(3148, 648, 68, 28),
(3149, 648, 64, 26),
(3150, 648, 73, 29),
(3151, 648, 76, 32),
(3152, 649, 66, 27),
(3153, 649, 69, 28),
(3154, 649, 63, 26),
(3155, 649, 71, 29),
(3156, 649, 76, 32),
(3157, 650, 65, 27),
(3158, 650, 69, 28),
(3159, 650, 64, 26),
(3160, 650, 73, 29),
(3161, 650, 76, 32),
(3162, 651, 75, 31),
(3163, 651, 65, 27),
(3164, 651, 69, 28),
(3165, 651, 62, 26),
(3166, 651, 72, 29),
(3167, 652, 75, 31),
(3168, 652, 65, 27),
(3169, 652, 69, 28),
(3170, 652, 62, 26),
(3171, 652, 71, 29),
(3172, 653, 65, 27),
(3173, 653, 68, 28),
(3174, 653, 64, 26),
(3175, 653, 72, 29),
(3176, 653, 76, 32),
(3177, 654, 75, 31),
(3178, 654, 65, 27),
(3179, 654, 68, 28),
(3180, 654, 62, 26),
(3181, 654, 71, 29),
(3182, 655, 75, 31),
(3183, 655, 67, 27),
(3184, 655, 70, 28),
(3185, 655, 64, 26),
(3186, 655, 72, 29),
(3187, 656, 66, 27),
(3188, 656, 70, 28),
(3189, 656, 64, 26),
(3190, 656, 73, 29),
(3191, 656, 76, 32),
(3192, 657, 66, 27),
(3193, 657, 69, 28),
(3194, 657, 64, 26),
(3195, 657, 73, 29),
(3196, 657, 76, 32),
(3197, 658, 74, 30),
(3198, 658, 67, 27),
(3199, 658, 70, 28),
(3200, 658, 62, 26),
(3201, 658, 71, 29),
(3202, 659, 74, 30),
(3203, 659, 65, 27),
(3204, 659, 70, 28),
(3205, 659, 62, 26),
(3206, 659, 71, 29),
(3207, 660, 66, 27),
(3208, 660, 68, 28),
(3209, 660, 64, 26),
(3210, 660, 71, 29),
(3211, 660, 76, 32),
(3212, 661, 75, 31),
(3213, 661, 67, 27),
(3214, 661, 70, 28),
(3215, 661, 63, 26),
(3216, 661, 72, 29),
(3217, 662, 65, 27),
(3218, 662, 68, 28),
(3219, 662, 63, 26),
(3220, 662, 72, 29),
(3221, 662, 76, 32),
(3222, 663, 74, 30),
(3223, 663, 65, 27),
(3224, 663, 68, 28),
(3225, 663, 62, 26),
(3226, 663, 71, 29),
(3227, 664, 75, 31),
(3228, 664, 65, 27),
(3229, 664, 68, 28),
(3230, 664, 62, 26),
(3231, 664, 71, 29),
(3232, 665, 75, 31),
(3233, 665, 67, 27),
(3234, 665, 70, 28),
(3235, 665, 63, 26),
(3236, 665, 72, 29),
(3237, 666, 74, 30),
(3238, 666, 66, 27),
(3239, 666, 69, 28),
(3240, 666, 62, 26),
(3241, 666, 73, 29),
(3242, 667, 66, 27),
(3243, 667, 69, 28),
(3244, 667, 64, 26),
(3245, 667, 73, 29),
(3246, 667, 76, 32),
(3247, 668, 66, 27),
(3248, 668, 69, 28),
(3249, 668, 64, 26),
(3250, 668, 73, 29),
(3251, 668, 76, 32),
(3252, 669, 74, 30),
(3253, 669, 65, 27),
(3254, 669, 68, 28),
(3255, 669, 62, 26),
(3256, 669, 71, 29),
(3257, 670, 74, 30),
(3258, 670, 66, 27),
(3259, 670, 69, 28),
(3260, 670, 64, 26),
(3261, 670, 71, 29),
(3262, 671, 66, 27),
(3263, 671, 69, 28),
(3264, 671, 64, 26),
(3265, 671, 73, 29),
(3266, 671, 76, 32),
(3267, 672, 74, 30),
(3268, 672, 65, 27),
(3269, 672, 68, 28),
(3270, 672, 62, 26),
(3271, 672, 72, 29),
(3272, 673, 66, 27),
(3273, 673, 69, 28),
(3274, 673, 63, 26),
(3275, 673, 73, 29),
(3276, 673, 76, 32),
(3277, 674, 75, 31),
(3278, 674, 67, 27),
(3279, 674, 70, 28),
(3280, 674, 63, 26),
(3281, 674, 71, 29),
(3282, 675, 75, 31),
(3283, 675, 67, 27),
(3284, 675, 68, 28),
(3285, 675, 64, 26),
(3286, 675, 73, 29),
(3287, 676, 66, 27),
(3288, 676, 69, 28),
(3289, 676, 62, 26),
(3290, 676, 73, 29),
(3291, 676, 76, 32),
(3292, 677, 74, 30),
(3293, 677, 65, 27),
(3294, 677, 70, 28),
(3295, 677, 63, 26),
(3296, 677, 71, 29),
(3297, 678, 74, 30),
(3298, 678, 66, 27),
(3299, 678, 68, 28),
(3300, 678, 62, 26),
(3301, 678, 73, 29),
(3302, 679, 75, 31),
(3303, 679, 67, 27),
(3304, 679, 70, 28),
(3305, 679, 63, 26),
(3306, 679, 72, 29),
(3307, 680, 66, 27),
(3308, 680, 68, 28),
(3309, 680, 64, 26),
(3310, 680, 73, 29),
(3311, 680, 76, 32),
(3312, 681, 75, 31),
(3313, 681, 67, 27),
(3314, 681, 70, 28),
(3315, 681, 63, 26),
(3316, 681, 72, 29),
(3317, 682, 65, 27),
(3318, 682, 69, 28),
(3319, 682, 63, 26),
(3320, 682, 71, 29),
(3321, 682, 76, 32),
(3322, 683, 66, 27),
(3323, 683, 69, 28),
(3324, 683, 64, 26),
(3325, 683, 73, 29),
(3326, 683, 76, 32),
(3327, 684, 75, 31),
(3328, 684, 66, 27),
(3329, 684, 69, 28),
(3330, 684, 64, 26),
(3331, 684, 73, 29),
(3332, 685, 66, 27),
(3333, 685, 69, 28),
(3334, 685, 64, 26),
(3335, 685, 73, 29),
(3336, 685, 76, 32),
(3337, 686, 66, 27),
(3338, 686, 68, 28),
(3339, 686, 64, 26),
(3340, 686, 73, 29),
(3341, 686, 76, 32),
(3342, 687, 66, 27),
(3343, 687, 69, 28),
(3344, 687, 62, 26),
(3345, 687, 73, 29),
(3346, 687, 76, 32),
(3347, 688, 74, 30),
(3348, 688, 67, 27),
(3349, 688, 70, 28),
(3350, 688, 62, 26),
(3351, 688, 71, 29),
(3492, 549, 77, 34),
(3493, 550, 77, 34),
(3494, 551, 77, 34),
(3495, 552, 77, 34),
(3496, 553, 77, 34),
(3497, 554, 77, 34),
(3498, 555, 77, 34),
(3499, 556, 77, 34),
(3500, 557, 77, 34),
(3501, 558, 77, 34),
(3502, 559, 77, 34),
(3503, 560, 77, 34),
(3504, 561, 77, 34),
(3505, 562, 77, 34),
(3506, 563, 77, 34),
(3507, 564, 77, 34),
(3508, 565, 77, 34),
(3509, 566, 77, 34),
(3510, 567, 77, 34),
(3511, 568, 77, 34),
(3512, 569, 77, 34),
(3513, 570, 77, 34),
(3514, 571, 77, 34),
(3515, 572, 77, 34),
(3516, 573, 77, 34),
(3517, 574, 77, 34),
(3518, 575, 77, 34),
(3519, 576, 77, 34),
(3520, 577, 77, 34),
(3521, 578, 77, 34),
(3522, 579, 77, 34),
(3523, 580, 77, 34),
(3524, 581, 77, 34),
(3525, 582, 77, 34),
(3526, 583, 77, 34),
(3527, 584, 77, 34),
(3528, 585, 77, 34),
(3529, 586, 77, 34),
(3530, 587, 77, 34),
(3531, 588, 77, 34),
(3532, 589, 77, 34),
(3533, 590, 77, 34),
(3534, 591, 77, 34),
(3535, 592, 77, 34),
(3536, 593, 77, 34),
(3537, 594, 77, 34),
(3538, 595, 77, 34),
(3539, 596, 77, 34),
(3540, 597, 77, 34),
(3541, 598, 77, 34),
(3542, 599, 77, 34),
(3543, 600, 77, 34),
(3544, 601, 77, 34),
(3545, 602, 77, 34),
(3546, 603, 77, 34),
(3547, 604, 77, 34),
(3548, 605, 77, 34),
(3549, 606, 77, 34),
(3550, 607, 77, 34),
(3551, 608, 77, 34),
(3552, 609, 77, 34),
(3553, 610, 77, 34),
(3554, 611, 77, 34),
(3555, 612, 77, 34),
(3556, 613, 77, 34),
(3557, 614, 77, 34),
(3558, 615, 77, 34),
(3559, 616, 77, 34),
(3560, 617, 77, 34),
(3561, 618, 77, 34),
(3562, 619, 77, 35),
(3563, 620, 77, 35),
(3564, 621, 77, 35),
(3565, 622, 77, 35),
(3566, 623, 77, 35),
(3567, 624, 77, 35),
(3568, 625, 77, 35),
(3569, 626, 77, 35),
(3570, 627, 77, 35),
(3571, 628, 77, 35),
(3572, 629, 77, 35),
(3573, 630, 77, 35),
(3574, 631, 77, 35),
(3575, 632, 77, 35),
(3576, 633, 77, 35),
(3577, 634, 77, 35),
(3578, 635, 77, 35),
(3579, 636, 77, 35),
(3580, 637, 77, 35),
(3581, 638, 77, 35),
(3582, 639, 77, 35),
(3583, 640, 77, 35),
(3584, 641, 77, 35),
(3585, 642, 77, 35),
(3586, 643, 77, 35),
(3587, 644, 77, 35),
(3588, 645, 77, 35),
(3589, 646, 77, 35),
(3590, 647, 77, 35),
(3591, 648, 77, 35),
(3592, 649, 77, 35),
(3593, 650, 77, 35),
(3594, 651, 77, 35),
(3595, 652, 77, 35),
(3596, 653, 77, 35),
(3597, 654, 77, 35),
(3598, 655, 77, 35),
(3599, 656, 77, 35),
(3600, 657, 77, 35),
(3601, 658, 77, 35),
(3602, 659, 77, 35),
(3603, 660, 77, 35),
(3604, 661, 77, 35),
(3605, 662, 77, 35),
(3606, 663, 77, 35),
(3607, 664, 77, 35),
(3608, 665, 77, 35),
(3609, 666, 77, 35),
(3610, 667, 77, 35),
(3611, 668, 77, 35),
(3612, 669, 77, 35),
(3613, 670, 77, 35),
(3614, 671, 77, 35),
(3615, 672, 77, 35),
(3616, 673, 77, 35),
(3617, 674, 77, 35),
(3618, 675, 77, 35),
(3619, 676, 77, 35),
(3620, 677, 77, 35),
(3621, 678, 77, 35),
(3622, 679, 77, 35),
(3623, 680, 77, 35),
(3624, 681, 77, 35),
(3625, 682, 77, 35),
(3626, 683, 77, 35),
(3627, 684, 77, 35),
(3628, 685, 77, 35),
(3629, 686, 77, 35),
(3630, 687, 77, 35),
(3631, 688, 77, 35);

-- --------------------------------------------------------

--
-- Table structure for table `tblsubjects`
--

CREATE TABLE `tblsubjects` (
  `Id` int(11) NOT NULL,
  `subjectCode` varchar(20) DEFAULT NULL,
  `subjectName` varchar(100) DEFAULT NULL,
  `classId` int(11) DEFAULT NULL
) ENGINE=InnoDB DEFAULT CHARSET=utf8mb4 COLLATE=utf8mb4_general_ci;

--
-- Dumping data for table `tblsubjects`
--

INSERT INTO `tblsubjects` (`Id`, `subjectCode`, `subjectName`, `classId`) VALUES
(26, 'NLP', 'Natural Language Processing', NULL),
(27, 'DV', 'Data Visualization', NULL),
(28, 'DL', 'Deep Learning', NULL),
(29, 'PA', 'Predictive Analytics', NULL),
(30, 'CN', 'Computer Networks', NULL),
(31, 'C&NS', 'Cryptography & Network Security', NULL),
(32, 'SPM', 'Software Project Management', NULL),
(34, 'IPR-1', 'Technical Paper Writing & IPR-1', NULL),
(35, 'IPR-2', 'Technical Paper Writing & IPR-2', NULL);

-- --------------------------------------------------------

--
-- Table structure for table `tblteacher`
--

CREATE TABLE `tblteacher` (
  `teacher_id` int(11) NOT NULL,
  `employee_id` varchar(50) NOT NULL,
  `full_name` varchar(100) NOT NULL,
  `email` varchar(100) NOT NULL,
  `phone` varchar(15) DEFAULT NULL,
  `gender` enum('Male','Female') NOT NULL,
  `qualification` varchar(100) DEFAULT NULL,
  `department` varchar(100) DEFAULT NULL,
  `password` varchar(255) DEFAULT NULL,
  `status` enum('Active','Inactive') DEFAULT 'Active',
  `created_at` timestamp NOT NULL DEFAULT current_timestamp()
) ENGINE=InnoDB DEFAULT CHARSET=utf8mb4 COLLATE=utf8mb4_general_ci;

--
-- Dumping data for table `tblteacher`
--

INSERT INTO `tblteacher` (`teacher_id`, `employee_id`, `full_name`, `email`, `phone`, `gender`, `qualification`, `department`, `password`, `status`, `created_at`) VALUES
(62, 'EMP101', 'Mr. G Vikram Chandra', 'vikram@gmail.com', '9876543210', 'Male', 'M.Tech (Ph.D)', 'CSE-DS', '$2y$10$HgD2QffXlVUsKLklTA0hZ.mbbI99J8sESQDpZ1yDZtFLORQi/CUQi', 'Active', '2026-01-08 15:48:56'),
(63, 'EMP102', 'Dr. P Kiran Rao', 'kiran@gmail.com', '9123456780', 'Male', 'M.Tech & Ph.D', 'CSE-DS', '$2y$10$TcZYuReVXem.a3KbmOy0zerbeNnhJp6a1TElIZefdG9RTJVPflr9a', 'Active', '2026-01-08 15:48:56'),
(64, 'EMP103', 'Mrs. P V Prasanna Kumari', 'prasanna@gmail.com', '9988776655', 'Female', 'M.Tech', 'CSE-DS', '$2y$10$vS7NMoif9SfTqsYdQxlUt.w1SK9rkKCe3VYJ.G484A7I.6WaucNf6', 'Active', '2026-01-08 15:48:57'),
(65, 'EMP104', 'Mr. G Viswanth', 'viswanath@gmail.com', '9988776655', 'Male', 'M.Tech (Ph.D)', 'CSE-DS', '$2y$10$bh1uE5XBmpECmzq1OFF18.y7PMCydXN/B0L1j4ndLyQeuFJY7gBsy', 'Active', '2026-01-08 15:48:57'),
(66, 'EMP105', 'Ms. A Annapurna', 'anapurna@gmail.com', '9988776655', 'Female', 'M.Tech (Ph.D)', 'CSE-DS', '$2y$10$VnWU6oUgM9DFJdQzIUaCHOXjonCc.Kwl7ErFEN3bUmZU/Z9j56ZQK', 'Active', '2026-01-08 15:48:57'),
(67, 'EMP106', 'Supraja', 'supraja@gmail.com', '9988776655', 'Female', 'M.Tech', 'CSE-DS', '$2y$10$9jRgFa6f7u5GHRdFpg/0Vub2rFc5VrxHKkPD2umKfdd7hDgFUmRZu', 'Active', '2026-01-08 15:48:57'),
(68, 'EMP107', 'Dr. M. Suleman Basha', 'suleman@gmail.com', '9988776655', 'Male', 'M.Tech & Ph.D', 'CSE-DS', '$2y$10$CWylVPlHFzoPJt3ExsNCLuCdPKlQlRWcDR4ta1V0.IozTghaQer6e', 'Active', '2026-01-08 15:48:57'),
(69, 'EMP108', 'Dr. P Penchal Prasad', 'penchal@gmail.com', '9988776655', 'Male', 'M.Tech & Ph.D', 'CSE-DS', '$2y$10$AZKoKx4r79NHSBVxuzRgxunSYfNVRAW.AGozDIj2qE4UduFXwTuG2', 'Active', '2026-01-08 15:48:58'),
(70, 'EMP109', 'Dr. K Samunnisa', 'samiunisa@gmail.com', '9988776655', 'Female', 'M.Tech & Ph.D', 'CSE-DS', '$2y$10$tlBM//VVz81SY0pycwx3Yu7w9po.hja6Y2qGot4OJDZ/sNdXHIo5G', 'Active', '2026-01-08 15:48:58'),
(71, 'EMP110', 'Mr. V Jeevan Kumar', 'jeevan@gmail.com', '9988776655', 'Male', 'M.Tech', 'CSE-DS', '$2y$10$XN5ylXz7kIYAf8BcjX78ruke/dnwRd3I4Vp.0J2RU7VYiy/X8JRyi', 'Active', '2026-01-08 15:48:58'),
(72, 'EMP111', 'Dr. M. SriRaghavendra', 'raghvendra@gmail.com', '9988776655', 'Male', 'M.Tech & Ph.D', 'CSE-DS', '$2y$10$qNdUd9PFdWPkOuS3OocjnuFA.xZg/66q1vg48BArNlx1Z9uZJ2BfK', 'Active', '2026-01-08 15:48:58'),
(73, 'EMP112', 'Mrs. K. Rathi', 'rathi@gmail.com', '9988776655', 'Female', 'M.Tech (Ph.D)', 'CSE-DS', '$2y$10$OtHHJvRWC2oW/Yd0li6cT.AYio2Y0RqdbK0vStGjHEgdnPlWzoe7i', 'Active', '2026-01-08 15:48:58'),
(74, 'EMP113', 'Dr. S. Karimulla Basha', 'karimulla@gmail.com', '9988776655', 'Male', 'M.Tech & Ph.D', 'CSE-DS', '$2y$10$LSFEu49eI9njmlSKmX7EyOdVJn1gyVzk3C8KcmH4RtpwlBhRdTDr.', 'Active', '2026-01-08 15:48:59'),
(75, 'EMP114', 'Arshiya', 'arshiya@gmail.com', '9988776655', 'Female', 'M.Tech', 'CSE-DS', '$2y$10$tTBsr0q4sv/nF68bSCj3aO7jy/AZt846eG8eiIlgR25W9nBBCjirO', 'Active', '2026-01-08 15:48:59'),
(76, 'EMP115', 'Mr. Shaik Mahamad Shakeer', 'shakeer@gmail.com', '9988776655', 'Female', 'M.Tech (Ph.D)', 'CSE-DS', '$2y$10$bLOU1/gUHqs/q.kncVayquQI8lS6OAseq3kuQnB0a/YlBKPRbDIDq', 'Active', '2026-01-08 15:48:59'),
(77, 'EMP116', 'Santhosh', 'santhosh@gmail.com', '9988776655', 'Male', 'M.Tech', 'CSE-DS', '$2y$10$wXCNvoCtoHFF8N.S8UhPl.ZBbJMChlL61Hfs7il.jjiiRR8P.3ebO', 'Active', '2026-01-08 15:48:59'),
(78, 'EMP117', 'Prashanthi', 'prashanthi@gmail.com', '9988776655', 'Female', 'M.Tech', 'CSE-DS', '$2y$10$33Au5feA1lMQl0fioijpAOVQc1GZnIVnirXValdQgu6LDA/w7aT7K', 'Active', '2026-01-08 15:48:59');

-- --------------------------------------------------------

--
-- Table structure for table `tblteacher_classarm`
--

CREATE TABLE `tblteacher_classarm` (
  `Id` int(11) NOT NULL,
  `teacherId` int(11) NOT NULL,
  `classId` int(11) NOT NULL,
  `classArmId` int(11) NOT NULL,
  `dateAssigned` date DEFAULT curdate()
) ENGINE=InnoDB DEFAULT CHARSET=utf8mb4 COLLATE=utf8mb4_general_ci;

--
-- Dumping data for table `tblteacher_classarm`
--

INSERT INTO `tblteacher_classarm` (`Id`, `teacherId`, `classId`, `classArmId`, `dateAssigned`) VALUES
(10, 75, 8, 14, '2026-01-12'),
(11, 70, 8, 15, '2026-01-12'),
(12, 72, 8, 15, '2026-01-12'),
(13, 68, 8, 13, '2026-01-12'),
(14, 63, 8, 13, '2026-01-12'),
(15, 69, 8, 14, '2026-01-12'),
(16, 74, 8, 13, '2026-01-12'),
(17, 62, 8, 13, '2026-01-12'),
(18, 65, 8, 13, '2026-01-12'),
(19, 76, 8, 15, '2026-01-12'),
(20, 71, 8, 14, '2026-01-12'),
(21, 73, 8, 13, '2026-01-12'),
(22, 64, 8, 15, '2026-01-12'),
(23, 66, 8, 14, '2026-01-12'),
(24, 78, 8, 13, '2026-01-12'),
(25, 77, 8, 14, '2026-01-12'),
(27, 67, 8, 15, '2026-01-12');

-- --------------------------------------------------------

--
-- Table structure for table `tblterm`
--

CREATE TABLE `tblterm` (
  `Id` int(10) NOT NULL,
  `termName` varchar(20) NOT NULL
) ENGINE=MyISAM DEFAULT CHARSET=latin1 COLLATE=latin1_swedish_ci;

-- --------------------------------------------------------

--
-- Table structure for table `tbltimetable`
--

CREATE TABLE `tbltimetable` (
  `Id` int(11) NOT NULL,
  `classId` int(11) NOT NULL,
  `classArmId` int(11) NOT NULL,
  `subjectId` int(11) NOT NULL,
  `teacherId` int(11) NOT NULL,
  `dayOfWeek` varchar(10) NOT NULL,
  `startPeriod` int(11) NOT NULL,
  `endPeriod` int(11) NOT NULL,
  `startTime` time NOT NULL,
  `endTime` time NOT NULL
) ENGINE=InnoDB DEFAULT CHARSET=utf8mb4 COLLATE=utf8mb4_general_ci;

-- --------------------------------------------------------

--
-- Table structure for table `teacher_requests`
--

CREATE TABLE `teacher_requests` (
  `request_id` int(11) NOT NULL,
  `full_name` varchar(150) DEFAULT NULL,
  `email` varchar(150) DEFAULT NULL,
  `phone` varchar(15) DEFAULT NULL,
  `password` varchar(255) DEFAULT NULL,
  `status` enum('Pending','Approved','Rejected') DEFAULT 'Pending',
  `requested_at` timestamp NOT NULL DEFAULT current_timestamp()
) ENGINE=InnoDB DEFAULT CHARSET=utf8mb4 COLLATE=utf8mb4_general_ci;

--
-- Indexes for dumped tables
--

--
-- Indexes for table `faculty_student_reference`
--
ALTER TABLE `faculty_student_reference`
  ADD PRIMARY KEY (`id`),
  ADD UNIQUE KEY `unique_map` (`student_id`,`teacher_id`,`subject_id`);

--
-- Indexes for table `student_requests`
--
ALTER TABLE `student_requests`
  ADD PRIMARY KEY (`request_id`);

--
-- Indexes for table `tbladmin`
--
ALTER TABLE `tbladmin`
  ADD PRIMARY KEY (`Id`),
  ADD UNIQUE KEY `email` (`email`);

--
-- Indexes for table `tblattendance_btech`
--
ALTER TABLE `tblattendance_btech`
  ADD PRIMARY KEY (`Id`),
  ADD UNIQUE KEY `unique_attendance` (`studentId`,`date`,`period`,`subjectId`),
  ADD UNIQUE KEY `unique_period_attendance` (`studentId`,`teacherId`,`subjectId`,`date`,`period`);

--
-- Indexes for table `tblchapters`
--
ALTER TABLE `tblchapters`
  ADD PRIMARY KEY (`Id`);

--
-- Indexes for table `tblclass`
--
ALTER TABLE `tblclass`
  ADD PRIMARY KEY (`Id`);

--
-- Indexes for table `tblclassarms`
--
ALTER TABLE `tblclassarms`
  ADD PRIMARY KEY (`Id`);

--
-- Indexes for table `tblfaculty_subject`
--
ALTER TABLE `tblfaculty_subject`
  ADD PRIMARY KEY (`Id`),
  ADD KEY `idx_teacher` (`teacherId`),
  ADD KEY `idx_subject` (`subjectId`);

--
-- Indexes for table `tblsessionterm`
--
ALTER TABLE `tblsessionterm`
  ADD PRIMARY KEY (`Id`);

--
-- Indexes for table `tblstudents`
--
ALTER TABLE `tblstudents`
  ADD PRIMARY KEY (`Id`);

--
-- Indexes for table `tblstudent_teacher`
--
ALTER TABLE `tblstudent_teacher`
  ADD PRIMARY KEY (`Id`),
  ADD UNIQUE KEY `uniq_student_subject` (`studentId`,`subjectId`);

--
-- Indexes for table `tblsubjects`
--
ALTER TABLE `tblsubjects`
  ADD PRIMARY KEY (`Id`);

--
-- Indexes for table `tblteacher`
--
ALTER TABLE `tblteacher`
  ADD PRIMARY KEY (`teacher_id`),
  ADD UNIQUE KEY `employee_id` (`employee_id`),
  ADD UNIQUE KEY `email` (`email`);

--
-- Indexes for table `tblteacher_classarm`
--
ALTER TABLE `tblteacher_classarm`
  ADD PRIMARY KEY (`Id`),
  ADD UNIQUE KEY `unique_teacher_arm` (`teacherId`,`classId`,`classArmId`),
  ADD UNIQUE KEY `uniq_teacher_class_arm` (`teacherId`,`classId`,`classArmId`),
  ADD UNIQUE KEY `unique_teacher_class_arm` (`teacherId`,`classId`,`classArmId`);

--
-- Indexes for table `tblterm`
--
ALTER TABLE `tblterm`
  ADD PRIMARY KEY (`Id`);

--
-- Indexes for table `tbltimetable`
--
ALTER TABLE `tbltimetable`
  ADD PRIMARY KEY (`Id`),
  ADD UNIQUE KEY `uniq_slot` (`classArmId`,`dayOfWeek`,`startPeriod`);

--
-- Indexes for table `teacher_requests`
--
ALTER TABLE `teacher_requests`
  ADD PRIMARY KEY (`request_id`);

--
-- AUTO_INCREMENT for dumped tables
--

--
-- AUTO_INCREMENT for table `faculty_student_reference`
--
ALTER TABLE `faculty_student_reference`
  MODIFY `id` int(11) NOT NULL AUTO_INCREMENT, AUTO_INCREMENT=5;

--
-- AUTO_INCREMENT for table `student_requests`
--
ALTER TABLE `student_requests`
  MODIFY `request_id` int(11) NOT NULL AUTO_INCREMENT, AUTO_INCREMENT=3;

--
-- AUTO_INCREMENT for table `tbladmin`
--
ALTER TABLE `tbladmin`
  MODIFY `Id` int(11) NOT NULL AUTO_INCREMENT, AUTO_INCREMENT=102;

--
-- AUTO_INCREMENT for table `tblattendance_btech`
--
ALTER TABLE `tblattendance_btech`
  MODIFY `Id` int(11) NOT NULL AUTO_INCREMENT, AUTO_INCREMENT=531;

--
-- AUTO_INCREMENT for table `tblchapters`
--
ALTER TABLE `tblchapters`
  MODIFY `Id` int(11) NOT NULL AUTO_INCREMENT, AUTO_INCREMENT=9;

--
-- AUTO_INCREMENT for table `tblclass`
--
ALTER TABLE `tblclass`
  MODIFY `Id` int(10) NOT NULL AUTO_INCREMENT, AUTO_INCREMENT=9;

--
-- AUTO_INCREMENT for table `tblclassarms`
--
ALTER TABLE `tblclassarms`
  MODIFY `Id` int(10) NOT NULL AUTO_INCREMENT, AUTO_INCREMENT=16;

--
-- AUTO_INCREMENT for table `tblfaculty_subject`
--
ALTER TABLE `tblfaculty_subject`
  MODIFY `Id` int(11) NOT NULL AUTO_INCREMENT, AUTO_INCREMENT=73;

--
-- AUTO_INCREMENT for table `tblsessionterm`
--
ALTER TABLE `tblsessionterm`
  MODIFY `Id` int(10) NOT NULL AUTO_INCREMENT, AUTO_INCREMENT=4;

--
-- AUTO_INCREMENT for table `tblstudents`
--
ALTER TABLE `tblstudents`
  MODIFY `Id` int(10) NOT NULL AUTO_INCREMENT, AUTO_INCREMENT=706;

--
-- AUTO_INCREMENT for table `tblstudent_teacher`
--
ALTER TABLE `tblstudent_teacher`
  MODIFY `Id` int(11) NOT NULL AUTO_INCREMENT, AUTO_INCREMENT=3632;

--
-- AUTO_INCREMENT for table `tblsubjects`
--
ALTER TABLE `tblsubjects`
  MODIFY `Id` int(11) NOT NULL AUTO_INCREMENT, AUTO_INCREMENT=36;

--
-- AUTO_INCREMENT for table `tblteacher`
--
ALTER TABLE `tblteacher`
  MODIFY `teacher_id` int(11) NOT NULL AUTO_INCREMENT, AUTO_INCREMENT=79;

--
-- AUTO_INCREMENT for table `tblteacher_classarm`
--
ALTER TABLE `tblteacher_classarm`
  MODIFY `Id` int(11) NOT NULL AUTO_INCREMENT, AUTO_INCREMENT=28;

--
-- AUTO_INCREMENT for table `tblterm`
--
ALTER TABLE `tblterm`
  MODIFY `Id` int(10) NOT NULL AUTO_INCREMENT, AUTO_INCREMENT=4;

--
-- AUTO_INCREMENT for table `tbltimetable`
--
ALTER TABLE `tbltimetable`
  MODIFY `Id` int(11) NOT NULL AUTO_INCREMENT;

--
-- AUTO_INCREMENT for table `teacher_requests`
--
ALTER TABLE `teacher_requests`
  MODIFY `request_id` int(11) NOT NULL AUTO_INCREMENT, AUTO_INCREMENT=3;

--
-- Constraints for dumped tables
--

--
-- Constraints for table `tblfaculty_subject`
--
ALTER TABLE `tblfaculty_subject`
  ADD CONSTRAINT `fk_faculty_teacher` FOREIGN KEY (`teacherId`) REFERENCES `tblteacher` (`teacher_id`) ON DELETE CASCADE;

--
-- Constraints for table `tblteacher_classarm`
--
ALTER TABLE `tblteacher_classarm`
  ADD CONSTRAINT `fk_teacher` FOREIGN KEY (`teacherId`) REFERENCES `tblteacher` (`teacher_id`) ON DELETE CASCADE;
COMMIT;

/*!40101 SET CHARACTER_SET_CLIENT=@OLD_CHARACTER_SET_CLIENT */;
/*!40101 SET CHARACTER_SET_RESULTS=@OLD_CHARACTER_SET_RESULTS */;
/*!40101 SET COLLATION_CONNECTION=@OLD_COLLATION_CONNECTION */;
